"";"Lineage_Name";"species";"biomes";"n_interactions";"n_local_partners";"n_local_species";"ND_Host_Parasite";"Host_Status"
"1";"AUTPAR01";"Attila_spadiceus";"Amazonia";1;13;11;0,0769230769230769;"R"
"2";"AUTPAR01";"Automolus_infuscatus";"Amazonia";1;13;11;0,0769230769230769;"R"
"3";"AUTPAR01";"Epinecrophylla_haematonota";"Amazonia";1;13;11;0,0769230769230769;"R"
"4";"AUTPAR01";"Galbula_cyanicollis";"Amazonia";1;13;11;0,0769230769230769;"R"
"5";"AUTPAR01";"Gymnopithys_salvini";"Amazonia";1;13;11;0,0769230769230769;"R"
"6";"AUTPAR01";"Paroaria_capitata";"Pantanal";1;13;11;0,0769230769230769;"R"
"7";"AUTPAR01";"Phlegopsis_nigromaculata";"Amazonia";2;13;11;0,153846153846154;"R"
"8";"AUTPAR01";"Rhynchocyclus_olivaceus";"Amazonia";1;13;11;0,0769230769230769;"R"
"9";"AUTPAR01";"Thamnomanes_saturninus";"Amazonia";1;13;11;0,0769230769230769;"R"
"10";"AUTPAR01";"Thamnophilus_amazonicus";"Amazonia";1;13;11;0,0769230769230769;"R"
"11";"AUTPAR01";"Thamnophilus_schistaceus";"Amazonia";2;13;11;0,153846153846154;"R"
"12";"AUTPAR01";"Willisornis_poecilinotus";"Amazonia";1;13;11;0,0769230769230769;"R"
"13";"BAEBIC02";"Anisognathus_somptuosus";"Andinean_Forest";1;22;10;0,0454545454545455;"R"
"14";"BAEBIC02";"Atlapetes_albinucha";"Andinean_Forest";2;22;10;0,0909090909090909;"R"
"15";"BAEBIC02";"Basileuterus_coronatus";"Andinean_Forest";4;22;10;0,181818181818182;"R"
"16";"BAEBIC02";"Diglossa_caerulescens";"Andinean_Forest";1;22;10;0,0454545454545455;"R"
"17";"BAEBIC02";"Myiothlypis_coronatus";"Andinean_Forest";1;22;10;0,0454545454545455;"R"
"18";"BAEBIC02";"Thryothorus_euophrys";"Andinean_Forest";1;22;10;0,0454545454545455;"R"
"19";"BAEBIC02";"Troglodytes_aedon";"Andinean_Forest";5;22;10;0,227272727272727;"M"
"20";"BAEBIC02";"Turdus_leucops";"Andinean_Forest";1;22;10;0,0454545454545455;"R"
"21";"BAEBIC02";"Turdus_nigriceps";"Andinean_Forest";1;22;10;0,0454545454545455;"R"
"22";"BAEBIC02";"Zonotrichia_capensis";"Andinean_Forest";5;22;10;0,227272727272727;"R"
"23";"BAFLA03";"Basileuterus_culicivorus";"Cerrado";2;35;16;0,0571428571428571;"R"
"24";"BAFLA03";"Basileuterus_flaveolus";"Cerrado";5;35;16;0,142857142857143;"R"
"25";"BAFLA03";"Celeus_flavescens";"Cerrado";1;35;16;0,0285714285714286;"R"
"26";"BAFLA03";"Cnemotriccus_fuscatus";"Cerrado";1;35;16;0,0285714285714286;"R"
"27";"BAFLA03";"Dryocopus_lineatus";"Cerrado";1;35;16;0,0285714285714286;"R"
"28";"BAFLA03";"Elaenia_chilensis";"Caatinga";1;35;16;0,0285714285714286;"M"
"29";"BAFLA03";"Elaenia_chilensis";"Mata_Atlantica";1;35;16;0,0285714285714286;"M"
"30";"BAFLA03";"Elaenia_chiriquensis";"Cerrado";1;35;16;0,0285714285714286;"PM"
"31";"BAFLA03";"Euphonia_violacea";"Cerrado";1;35;16;0,0285714285714286;"R"
"32";"BAFLA03";"Hylophilus_amaurocephalus";"Cerrado";1;35;16;0,0285714285714286;"R"
"33";"BAFLA03";"Hylophilus_amaurocephalus";"Mata_Atlantica";1;35;16;0,0285714285714286;"R"
"34";"BAFLA03";"Lanio_pileatus";"Cerrado";11;35;16;0,314285714285714;"R"
"35";"BAFLA03";"Leptopogon_amaurocephalus";"Mata_Atlantica";2;35;16;0,0571428571428571;"R"
"36";"BAFLA03";"Myiarchus_tyrannulus";"Cerrado";3;35;16;0,0857142857142857;"R"
"37";"BAFLA03";"Myiopagis_viridicata";"Cerrado";1;35;16;0,0285714285714286;"PM"
"38";"BAFLA03";"Sakesphorus_cristatus";"Cerrado";1;35;16;0,0285714285714286;"R"
"39";"BAFLA03";"Thlypopsis_sordida";"Cerrado";1;35;16;0,0285714285714286;"R"
"40";"BAFLA03";"Trichothraupis_melanops";"Mata_Atlantica";2;35;16;0,0571428571428571;"R"
"41";"BAFLA03";"Turdus_rufiventris";"Mata_Atlantica";1;35;16;0,0285714285714286;"R"
"42";"BAFLA03";"Turdus_subalaris";"Cerrado";1;35;16;0,0285714285714286;"PM"
"43";"BAFLA03";"Volatinia_jacarina";"Caatinga";1;35;16;0,0285714285714286;"R"
"44";"BAFLA03";"Volatinia_jacarina";"Cerrado";3;35;16;0,0857142857142857;"R"
"45";"BAFLA03";"Zonotrichia_capensis";"Caatinga";1;35;16;0,0285714285714286;"R"
"46";"BAFLA03";"Zonotrichia_capensis";"Cerrado";1;35;16;0,0285714285714286;"R"
"47";"BAFLA04";"Basileuterus_flaveolus";"Cerrado";3;12;7;0,25;"R"
"48";"BAFLA04";"Basileuterus_flaveolus";"Cerrado";3;13;8;0,230769230769231;"R"
"49";"BAFLA04";"Cantorchilus_longirostris";"Mata_Atlantica";1;12;7;0,0833333333333333;"R"
"50";"BAFLA04";"Cantorchilus_longirostris";"Mata_Atlantica";1;13;8;0,0769230769230769;"R"
"51";"BAFLA04";"Coereba_flaveola";"Caatinga";1;12;7;0,0833333333333333;"R"
"52";"BAFLA04";"Coereba_flaveola";"Caatinga";1;13;8;0,0769230769230769;"R"
"53";"BAFLA04";"Coereba_flaveola";"Cerrado";1;12;7;0,0833333333333333;"R"
"54";"BAFLA04";"Coereba_flaveola";"Cerrado";1;13;8;0,0769230769230769;"R"
"55";"BAFLA04";"Coereba_flaveola";"Mata_Atlantica";3;12;7;0,25;"R"
"56";"BAFLA04";"Coereba_flaveola";"Mata_Atlantica";3;13;8;0,230769230769231;"R"
"57";"BAFLA04";"Columbina_squammata";"Cerrado";1;12;7;0,0833333333333333;"R"
"58";"BAFLA04";"Columbina_squammata";"Cerrado";1;13;8;0,0769230769230769;"R"
"59";"BAFLA04";"Coryphospingus_cucullatus";"Cerrado";1;12;7;0,0833333333333333;"R"
"60";"BAFLA04";"Coryphospingus_cucullatus";"Cerrado";1;13;8;0,0769230769230769;"R"
"61";"BAFLA04";"Coryphospingus_pileatus";"Caatinga";2;12;7;0,166666666666667;"R"
"62";"BAFLA04";"Coryphospingus_pileatus";"Caatinga";2;13;8;0,153846153846154;"R"
"63";"BAFLA04";"Dacnis_cayana";"Mata_Atlantica";1;12;7;0,0833333333333333;"R"
"64";"BAFLA04";"Dacnis_cayana";"Mata_Atlantica";1;13;8;0,0769230769230769;"R"
"65";"BAFLA04";"Elaenia_cristata";"Mata_Atlantica";1;12;7;0,0833333333333333;"R"
"66";"BAFLA04";"Elaenia_cristata";"Mata_Atlantica";1;13;8;0,0769230769230769;"R"
"67";"BAFLA04";"Hemitriccus_margaritaceiventer";"Mata_Atlantica";1;12;7;0,0833333333333333;"R"
"68";"BAFLA04";"Hemitriccus_margaritaceiventer";"Mata_Atlantica";1;13;8;0,0769230769230769;"R"
"69";"BAFLA04";"Lanio_pileatus";"Caatinga";1;12;7;0,0833333333333333;"R"
"70";"BAFLA04";"Lanio_pileatus";"Caatinga";1;13;8;0,0769230769230769;"R"
"71";"BAFLA04";"Lanio_pileatus";"Cerrado";4;12;7;0,333333333333333;"R"
"72";"BAFLA04";"Lanio_pileatus";"Cerrado";4;13;8;0,307692307692308;"R"
"73";"BAFLA04";"Paroaria_dominicana";"Cerrado";1;12;7;0,0833333333333333;"R"
"74";"BAFLA04";"Paroaria_dominicana";"Cerrado";1;13;8;0,0769230769230769;"R"
"75";"BAFLA04";"Tachyphonus_rufus";"Caatinga";2;12;7;0,166666666666667;"R"
"76";"BAFLA04";"Tachyphonus_rufus";"Caatinga";2;13;8;0,153846153846154;"R"
"77";"BAFLA04";"Tachyphonus_rufus";"Mata_Atlantica";2;12;7;0,166666666666667;"R"
"78";"BAFLA04";"Tachyphonus_rufus";"Mata_Atlantica";2;13;8;0,153846153846154;"R"
"79";"BAFLA04";"Tangara_cayana";"Caatinga";1;12;7;0,0833333333333333;"R"
"80";"BAFLA04";"Tangara_cayana";"Caatinga";1;13;8;0,0769230769230769;"R"
"81";"BAFLA04";"Thamnophilus_pelzelni";"Caatinga";1;12;7;0,0833333333333333;"R"
"82";"BAFLA04";"Thamnophilus_pelzelni";"Caatinga";1;13;8;0,0769230769230769;"R"
"83";"BAFLA04";"Tiaris_fuliginosus";"Cerrado";1;12;7;0,0833333333333333;"R"
"84";"BAFLA04";"Tiaris_fuliginosus";"Cerrado";1;13;8;0,0769230769230769;"R"
"85";"BAFLA04";"Trogon_curucui";"Mata_Atlantica";2;12;7;0,166666666666667;"R"
"86";"BAFLA04";"Trogon_curucui";"Mata_Atlantica";2;13;8;0,153846153846154;"R"
"87";"BAFLA04";"Turdus_leucomelas";"Mata_Atlantica";2;12;7;0,166666666666667;"R"
"88";"BAFLA04";"Turdus_leucomelas";"Mata_Atlantica";2;13;8;0,153846153846154;"R"
"89";"COLIN05";"Conopophaga_lineata";"Mata_Atlantica";8;14;5;0,571428571428571;"R"
"90";"COLIN05";"Leptopogon_amaurocephalus";"Mata_Atlantica";2;14;5;0,142857142857143;"R"
"91";"COLIN05";"Philydor_rufum";"Mata_Atlantica";2;14;5;0,142857142857143;"R"
"92";"COLIN05";"Polioptila_plumbea";"Cerrado";3;14;5;0,214285714285714;"R"
"93";"COLIN05";"Thraupis_sayaca";"Mata_Atlantica";1;14;5;0,0714285714285714;"R"
"94";"COLIN05";"Tolmomyias_flaviventris";"Cerrado";1;14;5;0,0714285714285714;"R"
"95";"COLIN05";"Trichothraupis_melanops";"Mata_Atlantica";1;14;5;0,0714285714285714;"R"
"96";"COLPAS03";"Columbina_minuta";"Mata_Atlantica";1;12;2;0,0833333333333333;"R"
"97";"COLPAS03";"Columbina_passerina";"Amazonia";11;12;2;0,916666666666667;"R"
"98";"COLPAS03";"Columbina_passerina";"Mata_Atlantica";1;12;2;0,0833333333333333;"R"
"99";"COLPAS03";"Columbina_talpacoti";"Mata_Atlantica";6;12;2;0,5;"R"
"100";"COLPAS03";"Lepidocolaptes_angustirostris";"Cerrado";1;12;2;0,0833333333333333;"R"
"101";"COLPAS03";"Thamnophilus_doliatus";"Amazonia";1;12;2;0,0833333333333333;"R"
"102";"COPIC01";"Columbina_minuta";"Caatinga";15;16;2;0,9375;"R"
"103";"COPIC01";"Columbina_picui";"Caatinga";1;16;2;0,0625;"R"
"104";"COPIC01";"Columbina_picui";"Cerrado";2;16;2;0,125;"R"
"105";"COPIC01";"Lanio_pileatus";"Cerrado";1;16;2;0,0625;"R"
"106";"CORPIL01";"Conopophaga_melanops";"Mata_Atlantica";1;17;4;0,0588235294117647;"R"
"107";"CORPIL01";"Coryphospingus_pileatus";"Caatinga";11;17;4;0,647058823529412;"R"
"108";"CORPIL01";"Lanio_pileatus";"Caatinga";4;17;4;0,235294117647059;"R"
"109";"CORPIL01";"Veniliornis_affinis";"Caatinga";1;17;4;0,0588235294117647;"R"
"110";"CORPIL01";"Veniliornis_passerinus";"Caatinga";1;17;4;0,0588235294117647;"R"
"111";"CYCYA01";"Geotrygon_montana";"Amazonia";1;21;12;0,0476190476190476;"R"
"112";"CYCYA01";"Hylexetastes_perrotii";"Amazonia";1;21;12;0,0476190476190476;"R"
"113";"CYCYA01";"Hypocnemis_striata";"Amazonia";2;21;12;0,0952380952380952;"R"
"114";"CYCYA01";"Lepidothrix_coronata";"Amazonia";3;21;12;0,142857142857143;"R"
"115";"CYCYA01";"Microbates_collaris";"Amazonia";1;21;12;0,0476190476190476;"R"
"116";"CYCYA01";"Myrmoborus_myotherinus";"Amazonia";1;21;12;0,0476190476190476;"R"
"117";"CYCYA01";"Myrmornis_torquata";"Amazonia";1;21;12;0,0476190476190476;"R"
"118";"CYCYA01";"Pipra_pipra";"Amazonia";4;21;12;0,19047619047619;"R"
"119";"CYCYA01";"Pithys_albifrons";"Amazonia";3;21;12;0,142857142857143;"R"
"120";"CYCYA01";"Polioptila_plumbea";"Caatinga";1;21;12;0,0476190476190476;"R"
"121";"CYCYA01";"Sclerurus_caudacutus";"Amazonia";1;21;12;0,0476190476190476;"R"
"122";"CYCYA01";"Thamnomanes_caesius";"Amazonia";2;21;12;0,0952380952380952;"R"
"123";"CYCYA01";"Thamnomanes_saturninus";"Amazonia";1;21;12;0,0476190476190476;"R"
"124";"CYPHIR03";"Cypsnagra_hirundinacea";"Cerrado";11;11;1;1;"R"
"125";"DENCER02";"Bucco_tamatia";"Amazonia";1;11;7;0,0909090909090909;"R"
"126";"DENCER02";"Camptostoma_obsoletum";"Caatinga";1;11;7;0,0909090909090909;"R"
"127";"DENCER02";"Dendrocolaptes_certhia";"Amazonia";1;11;7;0,0909090909090909;"R"
"128";"DENCER02";"Galbula_cyanicollis";"Amazonia";2;11;7;0,181818181818182;"R"
"129";"DENCER02";"Hypocnemis_striata";"Amazonia";1;11;7;0,0909090909090909;"R"
"130";"DENCER02";"Malacoptila_rufa";"Amazonia";3;11;7;0,272727272727273;"R"
"131";"DENCER02";"Pyriglena_leuconota";"Amazonia";2;11;7;0,181818181818182;"R"
"132";"DENCER02";"Saltator_coerulescens";"Amazonia";1;11;7;0,0909090909090909;"R"
"133";"DENPET03";"Ammodramus_humeralis";"Caatinga";1;20;11;0,05;"R"
"134";"DENPET03";"Ammodramus_humeralis";"Caatinga";1;36;19;0,0277777777777778;"R"
"135";"DENPET03";"Ammodramus_humeralis";"Caatinga";1;23;15;0,0434782608695652;"R"
"136";"DENPET03";"Ammodramus_humeralis";"Cerrado";1;20;11;0,05;"R"
"137";"DENPET03";"Ammodramus_humeralis";"Cerrado";1;36;19;0,0277777777777778;"R"
"138";"DENPET03";"Ammodramus_humeralis";"Cerrado";1;23;15;0,0434782608695652;"R"
"139";"DENPET03";"Arremon_taciturnus";"Amazonia";2;20;11;0,1;"R"
"140";"DENPET03";"Arremon_taciturnus";"Amazonia";2;36;19;0,0555555555555556;"R"
"141";"DENPET03";"Arremon_taciturnus";"Amazonia";2;23;15;0,0869565217391304;"R"
"142";"DENPET03";"Arremon_taciturnus";"Mata_Atlantica";1;20;11;0,05;"R"
"143";"DENPET03";"Arremon_taciturnus";"Mata_Atlantica";1;36;19;0,0277777777777778;"R"
"144";"DENPET03";"Arremon_taciturnus";"Mata_Atlantica";1;23;15;0,0434782608695652;"R"
"145";"DENPET03";"Automolus_rufipileatus";"Amazonia";1;20;11;0,05;"R"
"146";"DENPET03";"Automolus_rufipileatus";"Amazonia";1;36;19;0,0277777777777778;"R"
"147";"DENPET03";"Automolus_rufipileatus";"Amazonia";1;23;15;0,0434782608695652;"R"
"148";"DENPET03";"Basileuterus_flaveolus";"Caatinga";1;20;11;0,05;"R"
"149";"DENPET03";"Basileuterus_flaveolus";"Caatinga";1;36;19;0,0277777777777778;"R"
"150";"DENPET03";"Basileuterus_flaveolus";"Caatinga";1;23;15;0,0434782608695652;"R"
"151";"DENPET03";"Basileuterus_flaveolus";"Cerrado";4;20;11;0,2;"R"
"152";"DENPET03";"Basileuterus_flaveolus";"Cerrado";4;36;19;0,111111111111111;"R"
"153";"DENPET03";"Basileuterus_flaveolus";"Cerrado";4;23;15;0,173913043478261;"R"
"154";"DENPET03";"Basileuterus_leucoblepharus";"Grassland";1;20;11;0,05;"R"
"155";"DENPET03";"Basileuterus_leucoblepharus";"Grassland";1;36;19;0,0277777777777778;"R"
"156";"DENPET03";"Basileuterus_leucoblepharus";"Grassland";1;23;15;0,0434782608695652;"R"
"157";"DENPET03";"Cacicus_solitarius";"Mata_Atlantica";1;20;11;0,05;"R"
"158";"DENPET03";"Cacicus_solitarius";"Mata_Atlantica";1;36;19;0,0277777777777778;"R"
"159";"DENPET03";"Cacicus_solitarius";"Mata_Atlantica";1;23;15;0,0434782608695652;"R"
"160";"DENPET03";"Cantorchilus_longirostris";"Cerrado";1;20;11;0,05;"R"
"161";"DENPET03";"Cantorchilus_longirostris";"Cerrado";1;36;19;0,0277777777777778;"R"
"162";"DENPET03";"Cantorchilus_longirostris";"Cerrado";1;23;15;0,0434782608695652;"R"
"163";"DENPET03";"Coereba_flaveola";"Cerrado";4;20;11;0,2;"R"
"164";"DENPET03";"Coereba_flaveola";"Cerrado";4;36;19;0,111111111111111;"R"
"165";"DENPET03";"Coereba_flaveola";"Cerrado";4;23;15;0,173913043478261;"R"
"166";"DENPET03";"Coryphistera_alaudina";"Grassland";1;20;11;0,05;"R"
"167";"DENPET03";"Coryphistera_alaudina";"Grassland";1;36;19;0,0277777777777778;"R"
"168";"DENPET03";"Coryphistera_alaudina";"Grassland";1;23;15;0,0434782608695652;"R"
"169";"DENPET03";"Cyclarhis_gujanensis";"Caatinga";1;20;11;0,05;"R"
"170";"DENPET03";"Cyclarhis_gujanensis";"Caatinga";1;36;19;0,0277777777777778;"R"
"171";"DENPET03";"Cyclarhis_gujanensis";"Caatinga";1;23;15;0,0434782608695652;"R"
"172";"DENPET03";"Cyclarhis_gujanensis";"Mata_Atlantica";1;20;11;0,05;"R"
"173";"DENPET03";"Cyclarhis_gujanensis";"Mata_Atlantica";1;36;19;0,0277777777777778;"R"
"174";"DENPET03";"Cyclarhis_gujanensis";"Mata_Atlantica";1;23;15;0,0434782608695652;"R"
"175";"DENPET03";"Cyphorhinus_arada";"Amazonia";2;20;11;0,1;"R"
"176";"DENPET03";"Cyphorhinus_arada";"Amazonia";2;36;19;0,0555555555555556;"R"
"177";"DENPET03";"Cyphorhinus_arada";"Amazonia";2;23;15;0,0869565217391304;"R"
"178";"DENPET03";"Cypsnagra_hirundinacea";"Cerrado";5;20;11;0,25;"R"
"179";"DENPET03";"Cypsnagra_hirundinacea";"Cerrado";5;36;19;0,138888888888889;"R"
"180";"DENPET03";"Cypsnagra_hirundinacea";"Cerrado";5;23;15;0,217391304347826;"R"
"181";"DENPET03";"Elaenia_albiceps";"Mata_Atlantica";3;20;11;0,15;"R"
"182";"DENPET03";"Elaenia_albiceps";"Mata_Atlantica";3;36;19;0,0833333333333333;"R"
"183";"DENPET03";"Elaenia_albiceps";"Mata_Atlantica";3;23;15;0,130434782608696;"R"
"184";"DENPET03";"Elaenia_cristata";"Mata_Atlantica";2;20;11;0,1;"R"
"185";"DENPET03";"Elaenia_cristata";"Mata_Atlantica";2;36;19;0,0555555555555556;"R"
"186";"DENPET03";"Elaenia_cristata";"Mata_Atlantica";2;23;15;0,0869565217391304;"R"
"187";"DENPET03";"Formicivora_melanogaster";"Cerrado";1;20;11;0,05;"R"
"188";"DENPET03";"Formicivora_melanogaster";"Cerrado";1;36;19;0,0277777777777778;"R"
"189";"DENPET03";"Formicivora_melanogaster";"Cerrado";1;23;15;0,0434782608695652;"R"
"190";"DENPET03";"Gubernatrix_cristata";"Grassland";1;20;11;0,05;"R"
"191";"DENPET03";"Gubernatrix_cristata";"Grassland";1;36;19;0,0277777777777778;"R"
"192";"DENPET03";"Gubernatrix_cristata";"Grassland";1;23;15;0,0434782608695652;"R"
"193";"DENPET03";"Hemithraupis_guira";"Cerrado";1;20;11;0,05;"R"
"194";"DENPET03";"Hemithraupis_guira";"Cerrado";1;36;19;0,0277777777777778;"R"
"195";"DENPET03";"Hemithraupis_guira";"Cerrado";1;23;15;0,0434782608695652;"R"
"196";"DENPET03";"Hypocnemis_subflava";"Amazonia";1;20;11;0,05;"R"
"197";"DENPET03";"Hypocnemis_subflava";"Amazonia";1;36;19;0,0277777777777778;"R"
"198";"DENPET03";"Hypocnemis_subflava";"Amazonia";1;23;15;0,0434782608695652;"R"
"199";"DENPET03";"Mimus_saturninus";"Cerrado";3;20;11;0,15;"R"
"200";"DENPET03";"Mimus_saturninus";"Cerrado";3;36;19;0,0833333333333333;"R"
"201";"DENPET03";"Mimus_saturninus";"Cerrado";3;23;15;0,130434782608696;"R"
"202";"DENPET03";"Myiarchus_swainsoni";"Cerrado";1;20;11;0,05;"PM"
"203";"DENPET03";"Myiarchus_swainsoni";"Cerrado";1;36;19;0,0277777777777778;"PM"
"204";"DENPET03";"Myiarchus_swainsoni";"Cerrado";1;23;15;0,0434782608695652;"PM"
"205";"DENPET03";"Myiarchus_swainsoni";"Mata_Atlantica";1;20;11;0,05;"PM"
"206";"DENPET03";"Myiarchus_swainsoni";"Mata_Atlantica";1;36;19;0,0277777777777778;"PM"
"207";"DENPET03";"Myiarchus_swainsoni";"Mata_Atlantica";1;23;15;0,0434782608695652;"PM"
"208";"DENPET03";"Neothraupis_fasciata";"Cerrado";1;20;11;0,05;"R"
"209";"DENPET03";"Neothraupis_fasciata";"Cerrado";1;36;19;0,0277777777777778;"R"
"210";"DENPET03";"Neothraupis_fasciata";"Cerrado";1;23;15;0,0434782608695652;"R"
"211";"DENPET03";"Pachyramphus_polychopterus";"Cerrado";1;20;11;0,05;"PM"
"212";"DENPET03";"Pachyramphus_polychopterus";"Cerrado";1;36;19;0,0277777777777778;"PM"
"213";"DENPET03";"Pachyramphus_polychopterus";"Cerrado";1;23;15;0,0434782608695652;"PM"
"214";"DENPET03";"Parula_pitiayumi";"Cerrado";1;20;11;0,05;"R"
"215";"DENPET03";"Parula_pitiayumi";"Cerrado";1;36;19;0,0277777777777778;"R"
"216";"DENPET03";"Parula_pitiayumi";"Cerrado";1;23;15;0,0434782608695652;"R"
"217";"DENPET03";"Passer_domesticus";"Cerrado";1;20;11;0,05;"PM"
"218";"DENPET03";"Passer_domesticus";"Cerrado";1;36;19;0,0277777777777778;"PM"
"219";"DENPET03";"Passer_domesticus";"Cerrado";1;23;15;0,0434782608695652;"PM"
"220";"DENPET03";"Passer_domesticus";"Pantanal";1;20;11;0,05;"PM"
"221";"DENPET03";"Passer_domesticus";"Pantanal";1;36;19;0,0277777777777778;"PM"
"222";"DENPET03";"Passer_domesticus";"Pantanal";1;23;15;0,0434782608695652;"PM"
"223";"DENPET03";"Pipra_fasciicauda";"Amazonia";3;20;11;0,15;"R"
"224";"DENPET03";"Pipra_fasciicauda";"Amazonia";3;36;19;0,0833333333333333;"R"
"225";"DENPET03";"Pipra_fasciicauda";"Amazonia";3;23;15;0,130434782608696;"R"
"226";"DENPET03";"Ramphastos_dicolorus";"Mata_Atlantica";1;20;11;0,05;"R"
"227";"DENPET03";"Ramphastos_dicolorus";"Mata_Atlantica";1;36;19;0,0277777777777778;"R"
"228";"DENPET03";"Ramphastos_dicolorus";"Mata_Atlantica";1;23;15;0,0434782608695652;"R"
"229";"DENPET03";"Ramphastos_vitellinus";"Amazonia";1;20;11;0,05;"R"
"230";"DENPET03";"Ramphastos_vitellinus";"Amazonia";1;36;19;0,0277777777777778;"R"
"231";"DENPET03";"Ramphastos_vitellinus";"Amazonia";1;23;15;0,0434782608695652;"R"
"232";"DENPET03";"Ramphocelus_carbo";"Amazonia";5;20;11;0,25;"R"
"233";"DENPET03";"Ramphocelus_carbo";"Amazonia";5;36;19;0,138888888888889;"R"
"234";"DENPET03";"Ramphocelus_carbo";"Amazonia";5;23;15;0,217391304347826;"R"
"235";"DENPET03";"Ramphocelus_carbo";"Pantanal";6;20;11;0,3;"R"
"236";"DENPET03";"Ramphocelus_carbo";"Pantanal";6;36;19;0,166666666666667;"R"
"237";"DENPET03";"Ramphocelus_carbo";"Pantanal";6;23;15;0,260869565217391;"R"
"238";"DENPET03";"Rynchops_niger";"Amazonia";1;20;11;0,05;"M"
"239";"DENPET03";"Rynchops_niger";"Amazonia";1;36;19;0,0277777777777778;"M"
"240";"DENPET03";"Rynchops_niger";"Amazonia";1;23;15;0,0434782608695652;"M"
"241";"DENPET03";"Saltator_coerulescens";"Pantanal";1;20;11;0,05;"R"
"242";"DENPET03";"Saltator_coerulescens";"Pantanal";1;36;19;0,0277777777777778;"R"
"243";"DENPET03";"Saltator_coerulescens";"Pantanal";1;23;15;0,0434782608695652;"R"
"244";"DENPET03";"Schoeniophylax_phryganophilus";"Cerrado";1;20;11;0,05;"R"
"245";"DENPET03";"Schoeniophylax_phryganophilus";"Cerrado";1;36;19;0,0277777777777778;"R"
"246";"DENPET03";"Schoeniophylax_phryganophilus";"Cerrado";1;23;15;0,0434782608695652;"R"
"247";"DENPET03";"Synallaxis_frontalis";"Caatinga";1;20;11;0,05;"R"
"248";"DENPET03";"Synallaxis_frontalis";"Caatinga";1;36;19;0,0277777777777778;"R"
"249";"DENPET03";"Synallaxis_frontalis";"Caatinga";1;23;15;0,0434782608695652;"R"
"250";"DENPET03";"Tangara_cayana";"Cerrado";1;20;11;0,05;"R"
"251";"DENPET03";"Tangara_cayana";"Cerrado";1;36;19;0,0277777777777778;"R"
"252";"DENPET03";"Tangara_cayana";"Cerrado";1;23;15;0,0434782608695652;"R"
"253";"DENPET03";"Thamnophilus_nigrocinereus";"Amazonia";1;20;11;0,05;"R"
"254";"DENPET03";"Thamnophilus_nigrocinereus";"Amazonia";1;36;19;0,0277777777777778;"R"
"255";"DENPET03";"Thamnophilus_nigrocinereus";"Amazonia";1;23;15;0,0434782608695652;"R"
"256";"DENPET03";"Thryothorus_longirostris";"Caatinga";1;20;11;0,05;"R"
"257";"DENPET03";"Thryothorus_longirostris";"Caatinga";1;36;19;0,0277777777777778;"R"
"258";"DENPET03";"Thryothorus_longirostris";"Caatinga";1;23;15;0,0434782608695652;"R"
"259";"DENPET03";"Trichothraupis_melanops";"Mata_Atlantica";1;20;11;0,05;"R"
"260";"DENPET03";"Trichothraupis_melanops";"Mata_Atlantica";1;36;19;0,0277777777777778;"R"
"261";"DENPET03";"Trichothraupis_melanops";"Mata_Atlantica";1;23;15;0,0434782608695652;"R"
"262";"DENPET03";"Troglodytes_aedon";"Mata_Atlantica";1;20;11;0,05;"M"
"263";"DENPET03";"Troglodytes_aedon";"Mata_Atlantica";1;36;19;0,0277777777777778;"M"
"264";"DENPET03";"Troglodytes_aedon";"Mata_Atlantica";1;23;15;0,0434782608695652;"M"
"265";"DENPET03";"Trogon_curucui";"Mata_Atlantica";1;20;11;0,05;"R"
"266";"DENPET03";"Trogon_curucui";"Mata_Atlantica";1;36;19;0,0277777777777778;"R"
"267";"DENPET03";"Trogon_curucui";"Mata_Atlantica";1;23;15;0,0434782608695652;"R"
"268";"DENPET03";"Turdus_amaurochalinus";"Mata_Atlantica";2;20;11;0,1;"PM"
"269";"DENPET03";"Turdus_amaurochalinus";"Mata_Atlantica";2;36;19;0,0555555555555556;"PM"
"270";"DENPET03";"Turdus_amaurochalinus";"Mata_Atlantica";2;23;15;0,0869565217391304;"PM"
"271";"DENPET03";"Turdus_flavipes";"Mata_Atlantica";2;20;11;0,1;"M"
"272";"DENPET03";"Turdus_flavipes";"Mata_Atlantica";2;36;19;0,0555555555555556;"M"
"273";"DENPET03";"Turdus_flavipes";"Mata_Atlantica";2;23;15;0,0869565217391304;"M"
"274";"DENPET03";"Turdus_hauxwelli";"Amazonia";2;20;11;0,1;"R"
"275";"DENPET03";"Turdus_hauxwelli";"Amazonia";2;36;19;0,0555555555555556;"R"
"276";"DENPET03";"Turdus_hauxwelli";"Amazonia";2;23;15;0,0869565217391304;"R"
"277";"DENPET03";"Turdus_leucomelas";"Cerrado";1;20;11;0,05;"R"
"278";"DENPET03";"Turdus_leucomelas";"Cerrado";1;36;19;0,0277777777777778;"R"
"279";"DENPET03";"Turdus_leucomelas";"Cerrado";1;23;15;0,0434782608695652;"R"
"280";"DENPET03";"Turdus_leucomelas";"Mata_Atlantica";2;20;11;0,1;"R"
"281";"DENPET03";"Turdus_leucomelas";"Mata_Atlantica";2;36;19;0,0555555555555556;"R"
"282";"DENPET03";"Turdus_leucomelas";"Mata_Atlantica";2;23;15;0,0869565217391304;"R"
"283";"DENPET03";"Turdus_rufiventris";"Caatinga";1;20;11;0,05;"R"
"284";"DENPET03";"Turdus_rufiventris";"Caatinga";1;36;19;0,0277777777777778;"R"
"285";"DENPET03";"Turdus_rufiventris";"Caatinga";1;23;15;0,0434782608695652;"R"
"286";"DENPET03";"Turdus_rufiventris";"Cerrado";1;20;11;0,05;"R"
"287";"DENPET03";"Turdus_rufiventris";"Cerrado";1;36;19;0,0277777777777778;"R"
"288";"DENPET03";"Turdus_rufiventris";"Cerrado";1;23;15;0,0434782608695652;"R"
"289";"DENPET03";"Vireo_olivaceus";"Mata_Atlantica";2;20;11;0,1;"M"
"290";"DENPET03";"Vireo_olivaceus";"Mata_Atlantica";2;36;19;0,0555555555555556;"M"
"291";"DENPET03";"Vireo_olivaceus";"Mata_Atlantica";2;23;15;0,0869565217391304;"M"
"292";"DENPET03";"Volatinia_jacarina";"Caatinga";1;20;11;0,05;"R"
"293";"DENPET03";"Volatinia_jacarina";"Caatinga";1;36;19;0,0277777777777778;"R"
"294";"DENPET03";"Volatinia_jacarina";"Caatinga";1;23;15;0,0434782608695652;"R"
"295";"DENPET03";"Volatinia_jacarina";"Cerrado";1;20;11;0,05;"R"
"296";"DENPET03";"Volatinia_jacarina";"Cerrado";1;36;19;0,0277777777777778;"R"
"297";"DENPET03";"Volatinia_jacarina";"Cerrado";1;23;15;0,0434782608695652;"R"
"298";"DENPET03";"Xiphorhynchus_ocellatus";"Amazonia";1;20;11;0,05;"R"
"299";"DENPET03";"Xiphorhynchus_ocellatus";"Amazonia";1;36;19;0,0277777777777778;"R"
"300";"DENPET03";"Xiphorhynchus_ocellatus";"Amazonia";1;23;15;0,0434782608695652;"R"
"301";"DENPET03";"Zonotrichia_capensis";"Cerrado";6;20;11;0,3;"R"
"302";"DENPET03";"Zonotrichia_capensis";"Cerrado";6;36;19;0,166666666666667;"R"
"303";"DENPET03";"Zonotrichia_capensis";"Cerrado";6;23;15;0,260869565217391;"R"
"304";"DENPET03";"Zonotrichia_capensis";"Grassland";2;20;11;0,1;"R"
"305";"DENPET03";"Zonotrichia_capensis";"Grassland";2;36;19;0,0555555555555556;"R"
"306";"DENPET03";"Zonotrichia_capensis";"Grassland";2;23;15;0,0869565217391304;"R"
"307";"DENPET03";"Zonotrichia_capensis";"Mata_Atlantica";2;20;11;0,1;"R"
"308";"DENPET03";"Zonotrichia_capensis";"Mata_Atlantica";2;36;19;0,0555555555555556;"R"
"309";"DENPET03";"Zonotrichia_capensis";"Mata_Atlantica";2;23;15;0,0869565217391304;"R"
"310";"ELALB01";"Capsiempis_flaveola";"Cerrado";2;12;5;0,166666666666667;"R"
"311";"ELALB01";"Casiornis_fuscus";"Cerrado";4;12;5;0,333333333333333;"PM"
"312";"ELALB01";"Elaenia_chilensis";"Mata_Atlantica";1;12;5;0,0833333333333333;"M"
"313";"ELALB01";"Empidonomus_varius";"Caatinga";1;12;5;0,0833333333333333;"PM"
"314";"ELALB01";"Herpsilochmus_sellowi";"Mata_Atlantica";1;12;5;0,0833333333333333;"R"
"315";"ELALB01";"Myiarchus_swainsoni";"Caatinga";1;12;5;0,0833333333333333;"PM"
"316";"ELALB01";"Myiarchus_tuberculifer";"Mata_Atlantica";1;12;5;0,0833333333333333;"R"
"317";"ELALB01";"Myiodynastes_maculatus";"Cerrado";2;12;5;0,166666666666667;"PM"
"318";"ELALB01";"Pitangus_sulphuratus";"Cerrado";1;12;5;0,0833333333333333;"PM"
"319";"ELALB01";"Tolmomyias_flaviventris";"Cerrado";3;12;5;0,25;"R"
"320";"EMPALN02";"Elaenia_spectabilis";"Grassland";1;19;10;0,0526315789473684;"PM"
"321";"EMPALN02";"Empidonomus_aurantioatrocristatus";"Grassland";2;19;10;0,105263157894737;"R"
"322";"EMPALN02";"Euscarthmus_meloryphus";"Grassland";1;19;10;0,0526315789473684;"R"
"323";"EMPALN02";"Molothrus_bonariensis";"Grassland";1;19;10;0,0526315789473684;"R"
"324";"EMPALN02";"Polioptila_dumicola";"Grassland";1;19;10;0,0526315789473684;"R"
"325";"EMPALN02";"Pyrocephalus_rubinus";"Grassland";2;19;10;0,105263157894737;"M"
"326";"EMPALN02";"Sicalis_flaveola";"Grassland";1;19;10;0,0526315789473684;"R"
"327";"EMPALN02";"Sublegatus_modestus";"Grassland";3;19;10;0,157894736842105;"PM"
"328";"EMPALN02";"Suiriri_suiriri";"Grassland";2;19;10;0,105263157894737;"R"
"329";"EMPALN02";"Tyrannus_savana";"Grassland";5;19;10;0,263157894736842;"PM"
"330";"GALLUS01";"Coryphospingus_pileatus";"Cerrado";1;11;4;0,0909090909090909;"R"
"331";"GALLUS01";"Glyphorynchus_spirurus";"Mata_Atlantica";2;11;4;0,181818181818182;"R"
"332";"GALLUS01";"Sakesphorus_cristatus";"Cerrado";1;11;4;0,0909090909090909;"R"
"333";"GALLUS01";"Synallaxis_frontalis";"Cerrado";6;11;4;0,545454545454545;"R"
"334";"GALLUS01";"Synallaxis_scutata";"Cerrado";3;11;4;0,272727272727273;"R"
"335";"GEOTRI02";"Basileuterus_coronatus";"Andinean_Forest";1;13;9;0,0769230769230769;"R"
"336";"GEOTRI02";"Basileuterus_tristriatus";"Andinean_Forest";1;13;9;0,0769230769230769;"R"
"337";"GEOTRI02";"Chlorophanes_spiza";"Andinean_Forest";1;13;9;0,0769230769230769;"R"
"338";"GEOTRI02";"Creurgops_verticalis";"Andinean_Forest";1;13;9;0,0769230769230769;"R"
"339";"GEOTRI02";"Elaenia_albiceps";"Andinean_Forest";1;13;9;0,0769230769230769;"R"
"340";"GEOTRI02";"Iridosornis_analis";"Andinean_Forest";5;13;9;0,384615384615385;"R"
"341";"GEOTRI02";"Platyrinchus_mystaceus";"Andinean_Forest";1;13;9;0,0769230769230769;"R"
"342";"GEOTRI02";"Psarocolius_angustifrons";"Andinean_Forest";1;13;9;0,0769230769230769;"R"
"343";"GEOTRI02";"Psarocolius_decumanus";"Andinean_Forest";1;13;9;0,0769230769230769;"R"
"344";"GLYSPI06";"Dendrocincla_fuliginosa";"Amazonia";3;14;5;0,214285714285714;"R"
"345";"GLYSPI06";"Glyphorynchus_spirurus";"Amazonia";4;14;5;0,285714285714286;"R"
"346";"GLYSPI06";"Myrmoborus_myotherinus";"Amazonia";1;14;5;0,0714285714285714;"R"
"347";"GLYSPI06";"Pipra_rubrocapilla";"Amazonia";3;14;5;0,214285714285714;"R"
"348";"GLYSPI06";"Turdus_amaurochalinus";"Amazonia";3;14;5;0,214285714285714;"PM"
"349";"GLYSPI06";"Turdus_amaurochalinus";"Cerrado";2;14;5;0,142857142857143;"PM"
"350";"LEPCOR03";"Chiroxiphia_pareola";"Amazonia";3;15;10;0,2;"R"
"351";"LEPCOR03";"Elaenia_parvirostris";"Amazonia";2;15;10;0,133333333333333;"PM"
"352";"LEPCOR03";"Epinecrophylla_erythrura";"Amazonia";1;15;10;0,0666666666666667;"R"
"353";"LEPCOR03";"Gymnopithys_leucaspis";"Amazonia";1;15;10;0,0666666666666667;"R"
"354";"LEPCOR03";"Hypocnemis_cantator";"Amazonia";1;15;10;0,0666666666666667;"R"
"355";"LEPCOR03";"Hypocnemis_cantator";"Andinean_Forest";1;15;10;0,0666666666666667;"R"
"356";"LEPCOR03";"Lepidothrix_coronata";"Amazonia";3;15;10;0,2;"R"
"357";"LEPCOR03";"Lepidothrix_coronata";"Andinean_Forest";1;15;10;0,0666666666666667;"R"
"358";"LEPCOR03";"Machaeropterus_pyrocephalus";"Amazonia";1;15;10;0,0666666666666667;"R"
"359";"LEPCOR03";"Machaeropterus_pyrocephalus";"Cerrado";1;15;10;0,0666666666666667;"R"
"360";"LEPCOR03";"Pipra_rubrocapilla";"Amazonia";1;15;10;0,0666666666666667;"R"
"361";"LEPCOR03";"Pipra_rubrocapilla";"Cerrado";1;15;10;0,0666666666666667;"R"
"362";"LEPCOR03";"Pithys_albifrons";"Amazonia";1;15;10;0,0666666666666667;"R"
"363";"LEPCOR03";"Pithys_albifrons";"Andinean_Forest";1;15;10;0,0666666666666667;"R"
"364";"LEPCOR03";"Thamnomanes_caesius";"Amazonia";1;15;10;0,0666666666666667;"R"
"365";"LEPCOR03";"Thamnomanes_caesius";"Andinean_Forest";1;15;10;0,0666666666666667;"R"
"366";"LEPCOR04";"Lepidothrix_coronata";"Amazonia";5;12;6;0,416666666666667;"R"
"367";"LEPCOR04";"Lepidothrix_coronata";"Andinean_Forest";1;12;6;0,0833333333333333;"R"
"368";"LEPCOR04";"Lepidothrix_nattereri";"Amazonia";2;12;6;0,166666666666667;"R"
"369";"LEPCOR04";"Pipra_erythrocephala";"Amazonia";1;12;6;0,0833333333333333;"R"
"370";"LEPCOR04";"Pipra_fasciicauda";"Amazonia";2;12;6;0,166666666666667;"R"
"371";"LEPCOR04";"Thamnophilus_aethiops";"Amazonia";1;12;6;0,0833333333333333;"R"
"372";"LEPCOR04";"Turdus_hauxwelli";"Amazonia";1;12;6;0,0833333333333333;"R"
"373";"MYRMAX01";"Gymnopithys_leucaspis";"Amazonia";1;14;9;0,0714285714285714;"R"
"374";"MYRMAX01";"Gymnopithys_rufigula";"Amazonia";3;14;9;0,214285714285714;"R"
"375";"MYRMAX01";"Gymnopithys_salvini";"Amazonia";2;14;9;0,142857142857143;"R"
"376";"MYRMAX01";"Myrmeciza_fortis";"Amazonia";1;14;9;0,0714285714285714;"R"
"377";"MYRMAX01";"Myrmotherula_axillaris";"Amazonia";3;14;9;0,214285714285714;"R"
"378";"MYRMAX01";"Myrmotherula_axillaris";"Andinean_Forest";1;14;9;0,0714285714285714;"R"
"379";"MYRMAX01";"Myrmotherula_hauxwelli";"Amazonia";1;14;9;0,0714285714285714;"R"
"380";"MYRMAX01";"Phlegopsis_nigromaculata";"Amazonia";1;14;9;0,0714285714285714;"R"
"381";"MYRMAX01";"Rhegmatorhina_berlepschi";"Amazonia";1;14;9;0,0714285714285714;"R"
"382";"MYRMAX01";"Schistocichla_humaythae";"Amazonia";1;14;9;0,0714285714285714;"R"
"383";"MYRMYO01";"Conopophaga_aurita";"Amazonia";1;10;8;0,1;"R"
"384";"MYRMYO01";"Gymnopithys_leucaspis";"Amazonia";1;10;8;0,1;"R"
"385";"MYRMYO01";"Hylophylax_naevius";"Amazonia";1;10;8;0,1;"R"
"386";"MYRMYO01";"Hylophylax_naevius";"Andinean_Forest";1;10;8;0,1;"R"
"387";"MYRMYO01";"Hypocnemis_striata";"Amazonia";2;10;8;0,2;"R"
"388";"MYRMYO01";"Mionectes_oleagineus";"Amazonia";1;10;8;0,1;"R"
"389";"MYRMYO01";"Myrmeciza_fortis";"Amazonia";1;10;8;0,1;"R"
"390";"MYRMYO01";"Myrmeciza_fortis";"Andinean_Forest";1;10;8;0,1;"R"
"391";"MYRMYO01";"Myrmoborus_myotherinus";"Amazonia";2;10;8;0,2;"R"
"392";"MYRMYO01";"Myrmoborus_myotherinus";"Andinean_Forest";1;10;8;0,1;"R"
"393";"MYRMYO01";"Thamnomanes_ardesiacus";"Amazonia";1;10;8;0,1;"R"
"394";"MYRMYO01";"Thamnomanes_ardesiacus";"Andinean_Forest";1;10;8;0,1;"R"
"395";"MYSWA01";"Myiarchus_ferox";"Cerrado";1;10;5;0,1;"R"
"396";"MYSWA01";"Myiarchus_swainsoni";"Cerrado";2;10;5;0,2;"PM"
"397";"MYSWA01";"Myiarchus_tuberculifer";"Cerrado";2;10;5;0,2;"R"
"398";"MYSWA01";"Myiarchus_tyrannulus";"Cerrado";4;10;5;0,4;"R"
"399";"MYSWA01";"Myiobius_barbatus";"Cerrado";1;10;5;0,1;"R"
"400";"NEOFAS01";"Ammodramus_humeralis";"Cerrado";1;26;4;0,0384615384615385;"R"
"401";"NEOFAS01";"Gnorimopsar_chopi";"Cerrado";1;26;4;0,0384615384615385;"R"
"402";"NEOFAS01";"Neothraupis_fasciata";"Cerrado";19;26;4;0,730769230769231;"R"
"403";"NEOFAS01";"Zonotrichia_capensis";"Cerrado";5;26;4;0,192307692307692;"R"
"404";"NEOFAS03";"Ammodramus_humeralis";"Cerrado";1;33;7;0,0303030303030303;"R"
"405";"NEOFAS03";"Aratinga_aurea";"Cerrado";1;33;7;0,0303030303030303;"R"
"406";"NEOFAS03";"Elaenia_chiriquensis";"Cerrado";2;33;7;0,0606060606060606;"PM"
"407";"NEOFAS03";"Elaenia_cristata";"Cerrado";1;33;7;0,0303030303030303;"R"
"408";"NEOFAS03";"Neothraupis_fasciata";"Cerrado";26;33;7;0,787878787878788;"R"
"409";"NEOFAS03";"Sporophila_plumbea";"Cerrado";1;33;7;0,0303030303030303;"R"
"410";"NEOFAS03";"Volatinia_jacarina";"Cerrado";1;33;7;0,0303030303030303;"R"
"411";"PADOM09";"Ammodramus_humeralis";"Caatinga";1;17;14;0,0588235294117647;"R"
"412";"PADOM09";"Ammodramus_humeralis";"Caatinga";1;50;19;0,02;"R"
"413";"PADOM09";"Ammodramus_humeralis";"Caatinga";1;11;5;0,0909090909090909;"R"
"414";"PADOM09";"Ammodramus_humeralis";"Caatinga";1;28;18;0,0357142857142857;"R"
"415";"PADOM09";"Ammodramus_humeralis";"Cerrado";1;17;14;0,0588235294117647;"R"
"416";"PADOM09";"Ammodramus_humeralis";"Cerrado";1;50;19;0,02;"R"
"417";"PADOM09";"Ammodramus_humeralis";"Cerrado";1;11;5;0,0909090909090909;"R"
"418";"PADOM09";"Ammodramus_humeralis";"Cerrado";1;28;18;0,0357142857142857;"R"
"419";"PADOM09";"Basileuterus_culicivorus";"Cerrado";1;17;14;0,0588235294117647;"R"
"420";"PADOM09";"Basileuterus_culicivorus";"Cerrado";1;50;19;0,02;"R"
"421";"PADOM09";"Basileuterus_culicivorus";"Cerrado";1;11;5;0,0909090909090909;"R"
"422";"PADOM09";"Basileuterus_culicivorus";"Cerrado";1;28;18;0,0357142857142857;"R"
"423";"PADOM09";"Basileuterus_culicivorus";"Mata_Atlantica";2;17;14;0,117647058823529;"R"
"424";"PADOM09";"Basileuterus_culicivorus";"Mata_Atlantica";2;50;19;0,04;"R"
"425";"PADOM09";"Basileuterus_culicivorus";"Mata_Atlantica";2;11;5;0,181818181818182;"R"
"426";"PADOM09";"Basileuterus_culicivorus";"Mata_Atlantica";2;28;18;0,0714285714285714;"R"
"427";"PADOM09";"Casiornis_fuscus";"Caatinga";2;17;14;0,117647058823529;"PM"
"428";"PADOM09";"Casiornis_fuscus";"Caatinga";2;50;19;0,04;"PM"
"429";"PADOM09";"Casiornis_fuscus";"Caatinga";2;11;5;0,181818181818182;"PM"
"430";"PADOM09";"Casiornis_fuscus";"Caatinga";2;28;18;0,0714285714285714;"PM"
"431";"PADOM09";"Cnemotriccus_fuscatus";"Amazonia";1;17;14;0,0588235294117647;"R"
"432";"PADOM09";"Cnemotriccus_fuscatus";"Amazonia";1;50;19;0,02;"R"
"433";"PADOM09";"Cnemotriccus_fuscatus";"Amazonia";1;11;5;0,0909090909090909;"R"
"434";"PADOM09";"Cnemotriccus_fuscatus";"Amazonia";1;28;18;0,0357142857142857;"R"
"435";"PADOM09";"Cnemotriccus_fuscatus";"Cerrado";8;17;14;0,470588235294118;"R"
"436";"PADOM09";"Cnemotriccus_fuscatus";"Cerrado";8;50;19;0,16;"R"
"437";"PADOM09";"Cnemotriccus_fuscatus";"Cerrado";8;11;5;0,727272727272727;"R"
"438";"PADOM09";"Cnemotriccus_fuscatus";"Cerrado";8;28;18;0,285714285714286;"R"
"439";"PADOM09";"Coereba_flaveola";"Mata_Atlantica";1;17;14;0,0588235294117647;"R"
"440";"PADOM09";"Coereba_flaveola";"Mata_Atlantica";1;50;19;0,02;"R"
"441";"PADOM09";"Coereba_flaveola";"Mata_Atlantica";1;11;5;0,0909090909090909;"R"
"442";"PADOM09";"Coereba_flaveola";"Mata_Atlantica";1;28;18;0,0357142857142857;"R"
"443";"PADOM09";"Columbina_talpacoti";"Cerrado";1;17;14;0,0588235294117647;"R"
"444";"PADOM09";"Columbina_talpacoti";"Cerrado";1;50;19;0,02;"R"
"445";"PADOM09";"Columbina_talpacoti";"Cerrado";1;11;5;0,0909090909090909;"R"
"446";"PADOM09";"Columbina_talpacoti";"Cerrado";1;28;18;0,0357142857142857;"R"
"447";"PADOM09";"Coryphospingus_cucullatus";"Cerrado";1;17;14;0,0588235294117647;"R"
"448";"PADOM09";"Coryphospingus_cucullatus";"Cerrado";1;50;19;0,02;"R"
"449";"PADOM09";"Coryphospingus_cucullatus";"Cerrado";1;11;5;0,0909090909090909;"R"
"450";"PADOM09";"Coryphospingus_cucullatus";"Cerrado";1;28;18;0,0357142857142857;"R"
"451";"PADOM09";"Coryphospingus_cucullatus";"Grassland";1;17;14;0,0588235294117647;"R"
"452";"PADOM09";"Coryphospingus_cucullatus";"Grassland";1;50;19;0,02;"R"
"453";"PADOM09";"Coryphospingus_cucullatus";"Grassland";1;11;5;0,0909090909090909;"R"
"454";"PADOM09";"Coryphospingus_cucullatus";"Grassland";1;28;18;0,0357142857142857;"R"
"455";"PADOM09";"Coryphospingus_pileatus";"Caatinga";1;17;14;0,0588235294117647;"R"
"456";"PADOM09";"Coryphospingus_pileatus";"Caatinga";1;50;19;0,02;"R"
"457";"PADOM09";"Coryphospingus_pileatus";"Caatinga";1;11;5;0,0909090909090909;"R"
"458";"PADOM09";"Coryphospingus_pileatus";"Caatinga";1;28;18;0,0357142857142857;"R"
"459";"PADOM09";"Dendrocolaptes_certhia";"Amazonia";1;17;14;0,0588235294117647;"R"
"460";"PADOM09";"Dendrocolaptes_certhia";"Amazonia";1;50;19;0,02;"R"
"461";"PADOM09";"Dendrocolaptes_certhia";"Amazonia";1;11;5;0,0909090909090909;"R"
"462";"PADOM09";"Dendrocolaptes_certhia";"Amazonia";1;28;18;0,0357142857142857;"R"
"463";"PADOM09";"Donacobius_atricapilla";"Pantanal";1;17;14;0,0588235294117647;"R"
"464";"PADOM09";"Donacobius_atricapilla";"Pantanal";1;50;19;0,02;"R"
"465";"PADOM09";"Donacobius_atricapilla";"Pantanal";1;11;5;0,0909090909090909;"R"
"466";"PADOM09";"Donacobius_atricapilla";"Pantanal";1;28;18;0,0357142857142857;"R"
"467";"PADOM09";"Elaenia_albiceps";"Mata_Atlantica";3;17;14;0,176470588235294;"R"
"468";"PADOM09";"Elaenia_albiceps";"Mata_Atlantica";3;50;19;0,06;"R"
"469";"PADOM09";"Elaenia_albiceps";"Mata_Atlantica";3;11;5;0,272727272727273;"R"
"470";"PADOM09";"Elaenia_albiceps";"Mata_Atlantica";3;28;18;0,107142857142857;"R"
"471";"PADOM09";"Elaenia_chiriquensis";"Cerrado";3;17;14;0,176470588235294;"PM"
"472";"PADOM09";"Elaenia_chiriquensis";"Cerrado";3;50;19;0,06;"PM"
"473";"PADOM09";"Elaenia_chiriquensis";"Cerrado";3;11;5;0,272727272727273;"PM"
"474";"PADOM09";"Elaenia_chiriquensis";"Cerrado";3;28;18;0,107142857142857;"PM"
"475";"PADOM09";"Elaenia_cristata";"Cerrado";7;17;14;0,411764705882353;"R"
"476";"PADOM09";"Elaenia_cristata";"Cerrado";7;50;19;0,14;"R"
"477";"PADOM09";"Elaenia_cristata";"Cerrado";7;11;5;0,636363636363636;"R"
"478";"PADOM09";"Elaenia_cristata";"Cerrado";7;28;18;0,25;"R"
"479";"PADOM09";"Elaenia_mesoleuca";"Mata_Atlantica";1;17;14;0,0588235294117647;"R"
"480";"PADOM09";"Elaenia_mesoleuca";"Mata_Atlantica";1;50;19;0,02;"R"
"481";"PADOM09";"Elaenia_mesoleuca";"Mata_Atlantica";1;11;5;0,0909090909090909;"R"
"482";"PADOM09";"Elaenia_mesoleuca";"Mata_Atlantica";1;28;18;0,0357142857142857;"R"
"483";"PADOM09";"Elaenia_spectabilis";"Grassland";1;17;14;0,0588235294117647;"PM"
"484";"PADOM09";"Elaenia_spectabilis";"Grassland";1;50;19;0,02;"PM"
"485";"PADOM09";"Elaenia_spectabilis";"Grassland";1;11;5;0,0909090909090909;"PM"
"486";"PADOM09";"Elaenia_spectabilis";"Grassland";1;28;18;0,0357142857142857;"PM"
"487";"PADOM09";"Empidonomus_varius";"Caatinga";1;17;14;0,0588235294117647;"PM"
"488";"PADOM09";"Empidonomus_varius";"Caatinga";1;50;19;0,02;"PM"
"489";"PADOM09";"Empidonomus_varius";"Caatinga";1;11;5;0,0909090909090909;"PM"
"490";"PADOM09";"Empidonomus_varius";"Caatinga";1;28;18;0,0357142857142857;"PM"
"491";"PADOM09";"Furnarius_leucopus";"Caatinga";1;17;14;0,0588235294117647;"R"
"492";"PADOM09";"Furnarius_leucopus";"Caatinga";1;50;19;0,02;"R"
"493";"PADOM09";"Furnarius_leucopus";"Caatinga";1;11;5;0,0909090909090909;"R"
"494";"PADOM09";"Furnarius_leucopus";"Caatinga";1;28;18;0,0357142857142857;"R"
"495";"PADOM09";"Haplospiza_unicolor";"Mata_Atlantica";1;17;14;0,0588235294117647;"R"
"496";"PADOM09";"Haplospiza_unicolor";"Mata_Atlantica";1;50;19;0,02;"R"
"497";"PADOM09";"Haplospiza_unicolor";"Mata_Atlantica";1;11;5;0,0909090909090909;"R"
"498";"PADOM09";"Haplospiza_unicolor";"Mata_Atlantica";1;28;18;0,0357142857142857;"R"
"499";"PADOM09";"Lanio_pileatus";"Caatinga";1;17;14;0,0588235294117647;"R"
"500";"PADOM09";"Lanio_pileatus";"Caatinga";1;50;19;0,02;"R"
"501";"PADOM09";"Lanio_pileatus";"Caatinga";1;11;5;0,0909090909090909;"R"
"502";"PADOM09";"Lanio_pileatus";"Caatinga";1;28;18;0,0357142857142857;"R"
"503";"PADOM09";"Lathrotriccus_euleri";"Cerrado";4;17;14;0,235294117647059;"PM"
"504";"PADOM09";"Lathrotriccus_euleri";"Cerrado";4;50;19;0,08;"PM"
"505";"PADOM09";"Lathrotriccus_euleri";"Cerrado";4;11;5;0,363636363636364;"PM"
"506";"PADOM09";"Lathrotriccus_euleri";"Cerrado";4;28;18;0,142857142857143;"PM"
"507";"PADOM09";"Megarynchus_pitangua";"Mata_Atlantica";1;17;14;0,0588235294117647;"R"
"508";"PADOM09";"Megarynchus_pitangua";"Mata_Atlantica";1;50;19;0,02;"R"
"509";"PADOM09";"Megarynchus_pitangua";"Mata_Atlantica";1;11;5;0,0909090909090909;"R"
"510";"PADOM09";"Megarynchus_pitangua";"Mata_Atlantica";1;28;18;0,0357142857142857;"R"
"511";"PADOM09";"Myiarchus_swainsoni";"Caatinga";1;17;14;0,0588235294117647;"PM"
"512";"PADOM09";"Myiarchus_swainsoni";"Caatinga";1;50;19;0,02;"PM"
"513";"PADOM09";"Myiarchus_swainsoni";"Caatinga";1;11;5;0,0909090909090909;"PM"
"514";"PADOM09";"Myiarchus_swainsoni";"Caatinga";1;28;18;0,0357142857142857;"PM"
"515";"PADOM09";"Myiarchus_swainsoni";"Cerrado";3;17;14;0,176470588235294;"PM"
"516";"PADOM09";"Myiarchus_swainsoni";"Cerrado";3;50;19;0,06;"PM"
"517";"PADOM09";"Myiarchus_swainsoni";"Cerrado";3;11;5;0,272727272727273;"PM"
"518";"PADOM09";"Myiarchus_swainsoni";"Cerrado";3;28;18;0,107142857142857;"PM"
"519";"PADOM09";"Myiarchus_swainsoni";"Mata_Atlantica";1;17;14;0,0588235294117647;"PM"
"520";"PADOM09";"Myiarchus_swainsoni";"Mata_Atlantica";1;50;19;0,02;"PM"
"521";"PADOM09";"Myiarchus_swainsoni";"Mata_Atlantica";1;11;5;0,0909090909090909;"PM"
"522";"PADOM09";"Myiarchus_swainsoni";"Mata_Atlantica";1;28;18;0,0357142857142857;"PM"
"523";"PADOM09";"Myiarchus_tyrannulus";"Mata_Atlantica";1;17;14;0,0588235294117647;"R"
"524";"PADOM09";"Myiarchus_tyrannulus";"Mata_Atlantica";1;50;19;0,02;"R"
"525";"PADOM09";"Myiarchus_tyrannulus";"Mata_Atlantica";1;11;5;0,0909090909090909;"R"
"526";"PADOM09";"Myiarchus_tyrannulus";"Mata_Atlantica";1;28;18;0,0357142857142857;"R"
"527";"PADOM09";"Myiopagis_viridicata";"Cerrado";4;17;14;0,235294117647059;"PM"
"528";"PADOM09";"Myiopagis_viridicata";"Cerrado";4;50;19;0,08;"PM"
"529";"PADOM09";"Myiopagis_viridicata";"Cerrado";4;11;5;0,363636363636364;"PM"
"530";"PADOM09";"Myiopagis_viridicata";"Cerrado";4;28;18;0,142857142857143;"PM"
"531";"PADOM09";"Myiophobus_fasciatus";"Cerrado";1;17;14;0,0588235294117647;"PM"
"532";"PADOM09";"Myiophobus_fasciatus";"Cerrado";1;50;19;0,02;"PM"
"533";"PADOM09";"Myiophobus_fasciatus";"Cerrado";1;11;5;0,0909090909090909;"PM"
"534";"PADOM09";"Myiophobus_fasciatus";"Cerrado";1;28;18;0,0357142857142857;"PM"
"535";"PADOM09";"Neothraupis_fasciata";"Cerrado";6;17;14;0,352941176470588;"R"
"536";"PADOM09";"Neothraupis_fasciata";"Cerrado";6;50;19;0,12;"R"
"537";"PADOM09";"Neothraupis_fasciata";"Cerrado";6;11;5;0,545454545454545;"R"
"538";"PADOM09";"Neothraupis_fasciata";"Cerrado";6;28;18;0,214285714285714;"R"
"539";"PADOM09";"Pachyramphus_polychopterus";"Caatinga";2;17;14;0,117647058823529;"PM"
"540";"PADOM09";"Pachyramphus_polychopterus";"Caatinga";2;50;19;0,04;"PM"
"541";"PADOM09";"Pachyramphus_polychopterus";"Caatinga";2;11;5;0,181818181818182;"PM"
"542";"PADOM09";"Pachyramphus_polychopterus";"Caatinga";2;28;18;0,0714285714285714;"PM"
"543";"PADOM09";"Paroaria_capitata";"Pantanal";1;17;14;0,0588235294117647;"R"
"544";"PADOM09";"Paroaria_capitata";"Pantanal";1;50;19;0,02;"R"
"545";"PADOM09";"Paroaria_capitata";"Pantanal";1;11;5;0,0909090909090909;"R"
"546";"PADOM09";"Paroaria_capitata";"Pantanal";1;28;18;0,0357142857142857;"R"
"547";"PADOM09";"Passer_domesticus";"Cerrado";2;17;14;0,117647058823529;"PM"
"548";"PADOM09";"Passer_domesticus";"Cerrado";2;50;19;0,04;"PM"
"549";"PADOM09";"Passer_domesticus";"Cerrado";2;11;5;0,181818181818182;"PM"
"550";"PADOM09";"Passer_domesticus";"Cerrado";2;28;18;0,0714285714285714;"PM"
"551";"PADOM09";"Passer_domesticus";"Grassland";2;17;14;0,117647058823529;"PM"
"552";"PADOM09";"Passer_domesticus";"Grassland";2;50;19;0,04;"PM"
"553";"PADOM09";"Passer_domesticus";"Grassland";2;11;5;0,181818181818182;"PM"
"554";"PADOM09";"Passer_domesticus";"Grassland";2;28;18;0,0714285714285714;"PM"
"555";"PADOM09";"Passer_domesticus";"Mata_Atlantica";3;17;14;0,176470588235294;"PM"
"556";"PADOM09";"Passer_domesticus";"Mata_Atlantica";3;50;19;0,06;"PM"
"557";"PADOM09";"Passer_domesticus";"Mata_Atlantica";3;11;5;0,272727272727273;"PM"
"558";"PADOM09";"Passer_domesticus";"Mata_Atlantica";3;28;18;0,107142857142857;"PM"
"559";"PADOM09";"Passer_domesticus";"Pantanal";1;17;14;0,0588235294117647;"PM"
"560";"PADOM09";"Passer_domesticus";"Pantanal";1;50;19;0,02;"PM"
"561";"PADOM09";"Passer_domesticus";"Pantanal";1;11;5;0,0909090909090909;"PM"
"562";"PADOM09";"Passer_domesticus";"Pantanal";1;28;18;0,0357142857142857;"PM"
"563";"PADOM09";"Phaeomyias_murina";"Caatinga";2;17;14;0,117647058823529;"PM"
"564";"PADOM09";"Phaeomyias_murina";"Caatinga";2;50;19;0,04;"PM"
"565";"PADOM09";"Phaeomyias_murina";"Caatinga";2;11;5;0,181818181818182;"PM"
"566";"PADOM09";"Phaeomyias_murina";"Caatinga";2;28;18;0,0714285714285714;"PM"
"567";"PADOM09";"Pheugopedius_genibarbis";"Cerrado";1;17;14;0,0588235294117647;"R"
"568";"PADOM09";"Pheugopedius_genibarbis";"Cerrado";1;50;19;0,02;"R"
"569";"PADOM09";"Pheugopedius_genibarbis";"Cerrado";1;11;5;0,0909090909090909;"R"
"570";"PADOM09";"Pheugopedius_genibarbis";"Cerrado";1;28;18;0,0357142857142857;"R"
"571";"PADOM09";"Pitangus_sulphuratus";"Caatinga";1;17;14;0,0588235294117647;"PM"
"572";"PADOM09";"Pitangus_sulphuratus";"Caatinga";1;50;19;0,02;"PM"
"573";"PADOM09";"Pitangus_sulphuratus";"Caatinga";1;11;5;0,0909090909090909;"PM"
"574";"PADOM09";"Pitangus_sulphuratus";"Caatinga";1;28;18;0,0357142857142857;"PM"
"575";"PADOM09";"Pitangus_sulphuratus";"Cerrado";1;17;14;0,0588235294117647;"PM"
"576";"PADOM09";"Pitangus_sulphuratus";"Cerrado";1;50;19;0,02;"PM"
"577";"PADOM09";"Pitangus_sulphuratus";"Cerrado";1;11;5;0,0909090909090909;"PM"
"578";"PADOM09";"Pitangus_sulphuratus";"Cerrado";1;28;18;0,0357142857142857;"PM"
"579";"PADOM09";"Ramphotrigon_ruficauda";"Amazonia";1;17;14;0,0588235294117647;"R"
"580";"PADOM09";"Ramphotrigon_ruficauda";"Amazonia";1;50;19;0,02;"R"
"581";"PADOM09";"Ramphotrigon_ruficauda";"Amazonia";1;11;5;0,0909090909090909;"R"
"582";"PADOM09";"Ramphotrigon_ruficauda";"Amazonia";1;28;18;0,0357142857142857;"R"
"583";"PADOM09";"Rhytipterna_simplex";"Amazonia";1;17;14;0,0588235294117647;"R"
"584";"PADOM09";"Rhytipterna_simplex";"Amazonia";1;50;19;0,02;"R"
"585";"PADOM09";"Rhytipterna_simplex";"Amazonia";1;11;5;0,0909090909090909;"R"
"586";"PADOM09";"Rhytipterna_simplex";"Amazonia";1;28;18;0,0357142857142857;"R"
"587";"PADOM09";"Saltator_coerulescens";"Pantanal";1;17;14;0,0588235294117647;"R"
"588";"PADOM09";"Saltator_coerulescens";"Pantanal";1;50;19;0,02;"R"
"589";"PADOM09";"Saltator_coerulescens";"Pantanal";1;11;5;0,0909090909090909;"R"
"590";"PADOM09";"Saltator_coerulescens";"Pantanal";1;28;18;0,0357142857142857;"R"
"591";"PADOM09";"Stephanophorus_diadematus";"Mata_Atlantica";1;17;14;0,0588235294117647;"R"
"592";"PADOM09";"Stephanophorus_diadematus";"Mata_Atlantica";1;50;19;0,02;"R"
"593";"PADOM09";"Stephanophorus_diadematus";"Mata_Atlantica";1;11;5;0,0909090909090909;"R"
"594";"PADOM09";"Stephanophorus_diadematus";"Mata_Atlantica";1;28;18;0,0357142857142857;"R"
"595";"PADOM09";"Suiriri_islerorum";"Cerrado";2;17;14;0,117647058823529;"R"
"596";"PADOM09";"Suiriri_islerorum";"Cerrado";2;50;19;0,04;"R"
"597";"PADOM09";"Suiriri_islerorum";"Cerrado";2;11;5;0,181818181818182;"R"
"598";"PADOM09";"Suiriri_islerorum";"Cerrado";2;28;18;0,0714285714285714;"R"
"599";"PADOM09";"Synallaxis_scutata";"Cerrado";1;17;14;0,0588235294117647;"R"
"600";"PADOM09";"Synallaxis_scutata";"Cerrado";1;50;19;0,02;"R"
"601";"PADOM09";"Synallaxis_scutata";"Cerrado";1;11;5;0,0909090909090909;"R"
"602";"PADOM09";"Synallaxis_scutata";"Cerrado";1;28;18;0,0357142857142857;"R"
"603";"PADOM09";"Tachyphonus_coronatus";"Mata_Atlantica";2;17;14;0,117647058823529;"R"
"604";"PADOM09";"Tachyphonus_coronatus";"Mata_Atlantica";2;50;19;0,04;"R"
"605";"PADOM09";"Tachyphonus_coronatus";"Mata_Atlantica";2;11;5;0,181818181818182;"R"
"606";"PADOM09";"Tachyphonus_coronatus";"Mata_Atlantica";2;28;18;0,0714285714285714;"R"
"607";"PADOM09";"Tachyphonus_cristatus";"Amazonia";1;17;14;0,0588235294117647;"R"
"608";"PADOM09";"Tachyphonus_cristatus";"Amazonia";1;50;19;0,02;"R"
"609";"PADOM09";"Tachyphonus_cristatus";"Amazonia";1;11;5;0,0909090909090909;"R"
"610";"PADOM09";"Tachyphonus_cristatus";"Amazonia";1;28;18;0,0357142857142857;"R"
"611";"PADOM09";"Tachyphonus_phoenicius";"Cerrado";1;17;14;0,0588235294117647;"R"
"612";"PADOM09";"Tachyphonus_phoenicius";"Cerrado";1;50;19;0,02;"R"
"613";"PADOM09";"Tachyphonus_phoenicius";"Cerrado";1;11;5;0,0909090909090909;"R"
"614";"PADOM09";"Tachyphonus_phoenicius";"Cerrado";1;28;18;0,0357142857142857;"R"
"615";"PADOM09";"Tangara_cayana";"Mata_Atlantica";1;17;14;0,0588235294117647;"R"
"616";"PADOM09";"Tangara_cayana";"Mata_Atlantica";1;50;19;0,02;"R"
"617";"PADOM09";"Tangara_cayana";"Mata_Atlantica";1;11;5;0,0909090909090909;"R"
"618";"PADOM09";"Tangara_cayana";"Mata_Atlantica";1;28;18;0,0357142857142857;"R"
"619";"PADOM09";"Thraupis_palmarum";"Amazonia";1;17;14;0,0588235294117647;"R"
"620";"PADOM09";"Thraupis_palmarum";"Amazonia";1;50;19;0,02;"R"
"621";"PADOM09";"Thraupis_palmarum";"Amazonia";1;11;5;0,0909090909090909;"R"
"622";"PADOM09";"Thraupis_palmarum";"Amazonia";1;28;18;0,0357142857142857;"R"
"623";"PADOM09";"Thryothorus_genibarbis";"Amazonia";1;17;14;0,0588235294117647;"R"
"624";"PADOM09";"Thryothorus_genibarbis";"Amazonia";1;50;19;0,02;"R"
"625";"PADOM09";"Thryothorus_genibarbis";"Amazonia";1;11;5;0,0909090909090909;"R"
"626";"PADOM09";"Thryothorus_genibarbis";"Amazonia";1;28;18;0,0357142857142857;"R"
"627";"PADOM09";"Trichothraupis_melanops";"Mata_Atlantica";2;17;14;0,117647058823529;"R"
"628";"PADOM09";"Trichothraupis_melanops";"Mata_Atlantica";2;50;19;0,04;"R"
"629";"PADOM09";"Trichothraupis_melanops";"Mata_Atlantica";2;11;5;0,181818181818182;"R"
"630";"PADOM09";"Trichothraupis_melanops";"Mata_Atlantica";2;28;18;0,0714285714285714;"R"
"631";"PADOM09";"Troglodytes_aedon";"Andinean_Forest";3;17;14;0,176470588235294;"M"
"632";"PADOM09";"Troglodytes_aedon";"Andinean_Forest";3;50;19;0,06;"M"
"633";"PADOM09";"Troglodytes_aedon";"Andinean_Forest";3;11;5;0,272727272727273;"M"
"634";"PADOM09";"Troglodytes_aedon";"Andinean_Forest";3;28;18;0,107142857142857;"M"
"635";"PADOM09";"Troglodytes_aedon";"Caatinga";1;17;14;0,0588235294117647;"M"
"636";"PADOM09";"Troglodytes_aedon";"Caatinga";1;50;19;0,02;"M"
"637";"PADOM09";"Troglodytes_aedon";"Caatinga";1;11;5;0,0909090909090909;"M"
"638";"PADOM09";"Troglodytes_aedon";"Caatinga";1;28;18;0,0357142857142857;"M"
"639";"PADOM09";"Troglodytes_aedon";"Grassland";6;17;14;0,352941176470588;"M"
"640";"PADOM09";"Troglodytes_aedon";"Grassland";6;50;19;0,12;"M"
"641";"PADOM09";"Troglodytes_aedon";"Grassland";6;11;5;0,545454545454545;"M"
"642";"PADOM09";"Troglodytes_aedon";"Grassland";6;28;18;0,214285714285714;"M"
"643";"PADOM09";"Troglodytes_musculus";"Mata_Atlantica";3;17;14;0,176470588235294;"R"
"644";"PADOM09";"Troglodytes_musculus";"Mata_Atlantica";3;50;19;0,06;"R"
"645";"PADOM09";"Troglodytes_musculus";"Mata_Atlantica";3;11;5;0,272727272727273;"R"
"646";"PADOM09";"Troglodytes_musculus";"Mata_Atlantica";3;28;18;0,107142857142857;"R"
"647";"PADOM09";"Turdus_flavipes";"Mata_Atlantica";1;17;14;0,0588235294117647;"M"
"648";"PADOM09";"Turdus_flavipes";"Mata_Atlantica";1;50;19;0,02;"M"
"649";"PADOM09";"Turdus_flavipes";"Mata_Atlantica";1;11;5;0,0909090909090909;"M"
"650";"PADOM09";"Turdus_flavipes";"Mata_Atlantica";1;28;18;0,0357142857142857;"M"
"651";"PADOM09";"Turdus_leucomelas";"Mata_Atlantica";2;17;14;0,117647058823529;"R"
"652";"PADOM09";"Turdus_leucomelas";"Mata_Atlantica";2;50;19;0,04;"R"
"653";"PADOM09";"Turdus_leucomelas";"Mata_Atlantica";2;11;5;0,181818181818182;"R"
"654";"PADOM09";"Turdus_leucomelas";"Mata_Atlantica";2;28;18;0,0714285714285714;"R"
"655";"PADOM09";"Tyrannus_melancholicus";"Caatinga";1;17;14;0,0588235294117647;"PM"
"656";"PADOM09";"Tyrannus_melancholicus";"Caatinga";1;50;19;0,02;"PM"
"657";"PADOM09";"Tyrannus_melancholicus";"Caatinga";1;11;5;0,0909090909090909;"PM"
"658";"PADOM09";"Tyrannus_melancholicus";"Caatinga";1;28;18;0,0357142857142857;"PM"
"659";"PADOM09";"Tyrannus_melancholicus";"Mata_Atlantica";1;17;14;0,0588235294117647;"PM"
"660";"PADOM09";"Tyrannus_melancholicus";"Mata_Atlantica";1;50;19;0,02;"PM"
"661";"PADOM09";"Tyrannus_melancholicus";"Mata_Atlantica";1;11;5;0,0909090909090909;"PM"
"662";"PADOM09";"Tyrannus_melancholicus";"Mata_Atlantica";1;28;18;0,0357142857142857;"PM"
"663";"PADOM09";"Volatinia_jacarina";"Caatinga";1;17;14;0,0588235294117647;"R"
"664";"PADOM09";"Volatinia_jacarina";"Caatinga";1;50;19;0,02;"R"
"665";"PADOM09";"Volatinia_jacarina";"Caatinga";1;11;5;0,0909090909090909;"R"
"666";"PADOM09";"Volatinia_jacarina";"Caatinga";1;28;18;0,0357142857142857;"R"
"667";"PADOM09";"Zonotrichia_capensis";"Caatinga";1;17;14;0,0588235294117647;"R"
"668";"PADOM09";"Zonotrichia_capensis";"Caatinga";1;50;19;0,02;"R"
"669";"PADOM09";"Zonotrichia_capensis";"Caatinga";1;11;5;0,0909090909090909;"R"
"670";"PADOM09";"Zonotrichia_capensis";"Caatinga";1;28;18;0,0357142857142857;"R"
"671";"PADOM09";"Zonotrichia_capensis";"Cerrado";2;17;14;0,117647058823529;"R"
"672";"PADOM09";"Zonotrichia_capensis";"Cerrado";2;50;19;0,04;"R"
"673";"PADOM09";"Zonotrichia_capensis";"Cerrado";2;11;5;0,181818181818182;"R"
"674";"PADOM09";"Zonotrichia_capensis";"Cerrado";2;28;18;0,0714285714285714;"R"
"675";"PADOM09";"Zonotrichia_capensis";"Grassland";1;17;14;0,0588235294117647;"R"
"676";"PADOM09";"Zonotrichia_capensis";"Grassland";1;50;19;0,02;"R"
"677";"PADOM09";"Zonotrichia_capensis";"Grassland";1;11;5;0,0909090909090909;"R"
"678";"PADOM09";"Zonotrichia_capensis";"Grassland";1;28;18;0,0357142857142857;"R"
"679";"PADOM09";"Zonotrichia_capensis";"Mata_Atlantica";1;17;14;0,0588235294117647;"R"
"680";"PADOM09";"Zonotrichia_capensis";"Mata_Atlantica";1;50;19;0,02;"R"
"681";"PADOM09";"Zonotrichia_capensis";"Mata_Atlantica";1;11;5;0,0909090909090909;"R"
"682";"PADOM09";"Zonotrichia_capensis";"Mata_Atlantica";1;28;18;0,0357142857142857;"R"
"683";"PADOM11";"Basileuterus_flaveolus";"Cerrado";1;16;6;0,0625;"R"
"684";"PADOM11";"Basileuterus_flaveolus";"Cerrado";1;28;15;0,0357142857142857;"R"
"685";"PADOM11";"Camptostoma_obsoletum";"Cerrado";1;16;6;0,0625;"R"
"686";"PADOM11";"Camptostoma_obsoletum";"Cerrado";1;28;15;0,0357142857142857;"R"
"687";"PADOM11";"Campylorhamphus_trochilirostris";"Cerrado";1;16;6;0,0625;"R"
"688";"PADOM11";"Campylorhamphus_trochilirostris";"Cerrado";1;28;15;0,0357142857142857;"R"
"689";"PADOM11";"Chiroxiphia_pareola";"Mata_Atlantica";1;16;6;0,0625;"R"
"690";"PADOM11";"Chiroxiphia_pareola";"Mata_Atlantica";1;28;15;0,0357142857142857;"R"
"691";"PADOM11";"Coereba_flaveola";"Amazonia";1;16;6;0,0625;"R"
"692";"PADOM11";"Coereba_flaveola";"Amazonia";1;28;15;0,0357142857142857;"R"
"693";"PADOM11";"Columbina_minuta";"Caatinga";2;16;6;0,125;"R"
"694";"PADOM11";"Columbina_minuta";"Caatinga";2;28;15;0,0714285714285714;"R"
"695";"PADOM11";"Coryphospingus_pileatus";"Cerrado";1;16;6;0,0625;"R"
"696";"PADOM11";"Coryphospingus_pileatus";"Cerrado";1;28;15;0,0357142857142857;"R"
"697";"PADOM11";"Dacnis_cayana";"Cerrado";1;16;6;0,0625;"R"
"698";"PADOM11";"Dacnis_cayana";"Cerrado";1;28;15;0,0357142857142857;"R"
"699";"PADOM11";"Elaenia_albiceps";"Mata_Atlantica";1;16;6;0,0625;"R"
"700";"PADOM11";"Elaenia_albiceps";"Mata_Atlantica";1;28;15;0,0357142857142857;"R"
"701";"PADOM11";"Lanio_cucullatus";"Mata_Atlantica";1;16;6;0,0625;"R"
"702";"PADOM11";"Lanio_cucullatus";"Mata_Atlantica";1;28;15;0,0357142857142857;"R"
"703";"PADOM11";"Lanio_pileatus";"Caatinga";9;16;6;0,5625;"R"
"704";"PADOM11";"Lanio_pileatus";"Caatinga";9;28;15;0,321428571428571;"R"
"705";"PADOM11";"Lanio_pileatus";"Cerrado";1;16;6;0,0625;"R"
"706";"PADOM11";"Lanio_pileatus";"Cerrado";1;28;15;0,0357142857142857;"R"
"707";"PADOM11";"Molothrus_bonariensis";"Caatinga";1;16;6;0,0625;"R"
"708";"PADOM11";"Molothrus_bonariensis";"Caatinga";1;28;15;0,0357142857142857;"R"
"709";"PADOM11";"Neothraupis_fasciata";"Cerrado";7;16;6;0,4375;"R"
"710";"PADOM11";"Neothraupis_fasciata";"Cerrado";7;28;15;0,25;"R"
"711";"PADOM11";"Passer_domesticus";"Cerrado";2;16;6;0,125;"PM"
"712";"PADOM11";"Passer_domesticus";"Cerrado";2;28;15;0,0714285714285714;"PM"
"713";"PADOM11";"Phrygilus_patagonicus";"Patagonian_Forest";1;16;6;0,0625;"PM"
"714";"PADOM11";"Phrygilus_patagonicus";"Patagonian_Forest";1;28;15;0,0357142857142857;"PM"
"715";"PADOM11";"Pitangus_sulphuratus";"Caatinga";1;16;6;0,0625;"PM"
"716";"PADOM11";"Pitangus_sulphuratus";"Caatinga";1;28;15;0,0357142857142857;"PM"
"717";"PADOM11";"Polioptila_plumbea";"Cerrado";1;16;6;0,0625;"R"
"718";"PADOM11";"Polioptila_plumbea";"Cerrado";1;28;15;0,0357142857142857;"R"
"719";"PADOM11";"Saltator_similis";"Mata_Atlantica";2;16;6;0,125;"R"
"720";"PADOM11";"Saltator_similis";"Mata_Atlantica";2;28;15;0,0714285714285714;"R"
"721";"PADOM11";"Schiffornis_virescens";"Mata_Atlantica";1;16;6;0,0625;"R"
"722";"PADOM11";"Schiffornis_virescens";"Mata_Atlantica";1;28;15;0,0357142857142857;"R"
"723";"PADOM11";"Sittasomus_griseicapillus";"Cerrado";1;16;6;0,0625;"R"
"724";"PADOM11";"Sittasomus_griseicapillus";"Cerrado";1;28;15;0,0357142857142857;"R"
"725";"PADOM11";"Tachyphonus_coronatus";"Mata_Atlantica";2;16;6;0,125;"R"
"726";"PADOM11";"Tachyphonus_coronatus";"Mata_Atlantica";2;28;15;0,0714285714285714;"R"
"727";"PADOM11";"Tachyphonus_phoenicius";"Cerrado";1;16;6;0,0625;"R"
"728";"PADOM11";"Tachyphonus_phoenicius";"Cerrado";1;28;15;0,0357142857142857;"R"
"729";"PADOM11";"Tachyphonus_rufus";"Amazonia";1;16;6;0,0625;"R"
"730";"PADOM11";"Tachyphonus_rufus";"Amazonia";1;28;15;0,0357142857142857;"R"
"731";"PADOM11";"Thlypopsis_sordida";"Cerrado";1;16;6;0,0625;"R"
"732";"PADOM11";"Thlypopsis_sordida";"Cerrado";1;28;15;0,0357142857142857;"R"
"733";"PADOM11";"Tiaris_fuliginosus";"Cerrado";1;16;6;0,0625;"R"
"734";"PADOM11";"Tiaris_fuliginosus";"Cerrado";1;28;15;0,0357142857142857;"R"
"735";"PADOM11";"Trichothraupis_melanops";"Cerrado";3;16;6;0,1875;"R"
"736";"PADOM11";"Trichothraupis_melanops";"Cerrado";3;28;15;0,107142857142857;"R"
"737";"PADOM11";"Turdus_leucomelas";"Mata_Atlantica";1;16;6;0,0625;"R"
"738";"PADOM11";"Turdus_leucomelas";"Mata_Atlantica";1;28;15;0,0357142857142857;"R"
"739";"PADOM11";"Turdus_rufiventris";"Caatinga";1;16;6;0,0625;"R"
"740";"PADOM11";"Turdus_rufiventris";"Caatinga";1;28;15;0,0357142857142857;"R"
"741";"PADOM11";"Volatinia_jacarina";"Caatinga";2;16;6;0,125;"R"
"742";"PADOM11";"Volatinia_jacarina";"Caatinga";2;28;15;0,0714285714285714;"R"
"743";"PADOM11";"Volatinia_jacarina";"Cerrado";5;16;6;0,3125;"R"
"744";"PADOM11";"Volatinia_jacarina";"Cerrado";5;28;15;0,178571428571429;"R"
"745";"PHPAT01";"Ammodramus_humeralis";"Caatinga";3;14;9;0,214285714285714;"R"
"746";"PHPAT01";"Ammodramus_humeralis";"Cerrado";1;14;9;0,0714285714285714;"R"
"747";"PHPAT01";"Basileuterus_flaveolus";"Cerrado";2;14;9;0,142857142857143;"R"
"748";"PHPAT01";"Basileuterus_leucoblepharus";"Grassland";1;14;9;0,0714285714285714;"R"
"749";"PHPAT01";"Columbina_minuta";"Caatinga";1;14;9;0,0714285714285714;"R"
"750";"PHPAT01";"Elaenia_albiceps";"Mata_Atlantica";1;14;9;0,0714285714285714;"R"
"751";"PHPAT01";"Elaenia_chilensis";"Caatinga";3;14;9;0,214285714285714;"M"
"752";"PHPAT01";"Lanio_pileatus";"Caatinga";2;14;9;0,142857142857143;"R"
"753";"PHPAT01";"Lanio_pileatus";"Cerrado";1;14;9;0,0714285714285714;"R"
"754";"PHPAT01";"Myiarchus_swainsoni";"Caatinga";1;14;9;0,0714285714285714;"PM"
"755";"PHPAT01";"Myiarchus_tyrannulus";"Caatinga";1;14;9;0,0714285714285714;"R"
"756";"PHPAT01";"Myiodynastes_maculatus";"Caatinga";1;14;9;0,0714285714285714;"PM"
"757";"PHPAT01";"Paroaria_dominicana";"Caatinga";1;14;9;0,0714285714285714;"R"
"758";"PHPAT01";"Paroaria_dominicana";"Cerrado";1;14;9;0,0714285714285714;"R"
"759";"PHPAT01";"Phaeomyias_murina";"Caatinga";1;14;9;0,0714285714285714;"PM"
"760";"PHPAT01";"Phaeomyias_murina";"Cerrado";2;14;9;0,142857142857143;"PM"
"761";"PHPAT01";"Rynchops_niger";"Amazonia";1;14;9;0,0714285714285714;"M"
"762";"PHPAT01";"Sayornis_nigricans";"Andinean_Forest";1;14;9;0,0714285714285714;"R"
"763";"PHPAT01";"Tangara_cyanoptera";"Mata_Atlantica";1;14;9;0,0714285714285714;"R"
"764";"PYLEU01";"Dysithamnus_mentalis";"Mata_Atlantica";1;11;3;0,0909090909090909;"R"
"765";"PYLEU01";"Dysithamnus_plumbeus";"Mata_Atlantica";7;11;3;0,636363636363636;"R"
"766";"PYLEU01";"Pyriglena_leucoptera";"Cerrado";4;11;3;0,363636363636364;"R"
"767";"PYLEU01";"Pyriglena_leucoptera";"Mata_Atlantica";3;11;3;0,272727272727273;"R"
"768";"SocH3";"Coereba_flaveola";"Mata_Atlantica";1;69;3;0,0144927536231884;"R"
"769";"SocH3";"Columbina_minuta";"Caatinga";66;69;3;0,956521739130435;"R"
"770";"SocH3";"Columbina_minuta";"Cerrado";1;69;3;0,0144927536231884;"R"
"771";"SocH3";"Columbina_passerina";"Mata_Atlantica";3;69;3;0,0434782608695652;"R"
"772";"SocH3";"Columbina_picui";"Caatinga";2;69;3;0,0289855072463768;"R"
"773";"SocH3";"Elaenia_cristata";"Mata_Atlantica";1;69;3;0,0144927536231884;"R"
"774";"SocH3";"Myiarchus_tyrannulus";"Mata_Atlantica";1;69;3;0,0144927536231884;"R"
"775";"SocH3";"Pachyramphus_polychopterus";"Caatinga";1;69;3;0,0144927536231884;"PM"
"776";"SocH3";"Tachyphonus_rufus";"Mata_Atlantica";1;69;3;0,0144927536231884;"R"
"777";"TACRUB01";"Lepidothrix_coronata";"Amazonia";6;18;4;0,333333333333333;"R"
"778";"TACRUB01";"Lepidothrix_nattereri";"Amazonia";9;18;4;0,5;"R"
"779";"TACRUB01";"Pipra_erythrocephala";"Amazonia";1;18;4;0,0555555555555556;"R"
"780";"TACRUB01";"Pipra_erythrocephala";"Andinean_Forest";1;18;4;0,0555555555555556;"R"
"781";"TACRUB01";"Pipra_rubrocapilla";"Amazonia";2;18;4;0,111111111111111;"R"
"782";"TACRUB01";"Tachuris_rubrigastra";"Andinean_Forest";1;18;4;0,0555555555555556;"R"
"783";"TANIG01";"Eriocnemis_vestita";"Andinean_Forest";1;14;6;0,0714285714285714;"R"
"784";"TANIG01";"Hemispingus_superciliaris";"Andinean_Forest";1;14;6;0,0714285714285714;"R"
"785";"TANIG01";"Tangara_nigroviridis";"Andinean_Forest";6;14;6;0,428571428571429;"R"
"786";"TANIG01";"Tangara_vassorii";"Andinean_Forest";4;14;6;0,285714285714286;"R"
"787";"TANIG01";"Tangara_viridicollis";"Andinean_Forest";1;14;6;0,0714285714285714;"R"
"788";"TANIG01";"Vireo_olivaceus";"Andinean_Forest";1;14;6;0,0714285714285714;"M"
"789";"TARUF02";"Cantorchilus_longirostris";"Mata_Atlantica";1;79;29;0,0126582278481013;"R"
"790";"TARUF02";"Cnemotriccus_fuscatus";"Mata_Atlantica";1;79;29;0,0126582278481013;"R"
"791";"TARUF02";"Coccyzus_melacoryphus";"Mata_Atlantica";1;79;29;0,0126582278481013;"M"
"792";"TARUF02";"Coereba_flaveola";"Mata_Atlantica";7;79;29;0,0886075949367089;"R"
"793";"TARUF02";"Columbina_passerina";"Mata_Atlantica";2;79;29;0,0253164556962025;"R"
"794";"TARUF02";"Cyanocorax_cyanopogon";"Mata_Atlantica";1;79;29;0,0126582278481013;"R"
"795";"TARUF02";"Cyclarhis_gujanensis";"Mata_Atlantica";1;79;29;0,0126582278481013;"R"
"796";"TARUF02";"Dendroplex_picus";"Mata_Atlantica";1;79;29;0,0126582278481013;"R"
"797";"TARUF02";"Elaenia_chilensis";"Mata_Atlantica";2;79;29;0,0253164556962025;"M"
"798";"TARUF02";"Elaenia_cristata";"Mata_Atlantica";8;79;29;0,10126582278481;"R"
"799";"TARUF02";"Elaenia_flavogaster";"Mata_Atlantica";1;79;29;0,0126582278481013;"R"
"800";"TARUF02";"Formicivora_melanogaster";"Mata_Atlantica";2;79;29;0,0253164556962025;"R"
"801";"TARUF02";"Hemitriccus_margaritaceiventer";"Mata_Atlantica";3;79;29;0,0379746835443038;"R"
"802";"TARUF02";"Herpsilochmus_pectoralis";"Mata_Atlantica";2;79;29;0,0253164556962025;"R"
"803";"TARUF02";"Herpsilochmus_sellowi";"Mata_Atlantica";4;79;29;0,0506329113924051;"R"
"804";"TARUF02";"Hylophilus_amaurocephalus";"Mata_Atlantica";3;79;29;0,0379746835443038;"R"
"805";"TARUF02";"Leptotila_verreauxi";"Mata_Atlantica";1;79;29;0,0126582278481013;"R"
"806";"TARUF02";"Neopelma_pallescens";"Mata_Atlantica";2;79;29;0,0253164556962025;"R"
"807";"TARUF02";"Nystalus_maculatus";"Mata_Atlantica";1;79;29;0,0126582278481013;"R"
"808";"TARUF02";"Pitangus_sulphuratus";"Mata_Atlantica";1;79;29;0,0126582278481013;"PM"
"809";"TARUF02";"Schistochlamys_ruficapillus";"Mata_Atlantica";1;79;29;0,0126582278481013;"R"
"810";"TARUF02";"Tachyphonus_rufus";"Mata_Atlantica";18;79;29;0,227848101265823;"R"
"811";"TARUF02";"Tangara_cayana";"Mata_Atlantica";4;79;29;0,0506329113924051;"R"
"812";"TARUF02";"Tangara_sayaca";"Mata_Atlantica";2;79;29;0,0253164556962025;"R"
"813";"TARUF02";"Thamnophilus_doliatus_capistratus";"Mata_Atlantica";1;79;29;0,0126582278481013;"R"
"814";"TARUF02";"Trogon_curucui";"Mata_Atlantica";2;79;29;0,0253164556962025;"R"
"815";"TARUF02";"Turdus_amaurochalinus";"Mata_Atlantica";4;79;29;0,0506329113924051;"PM"
"816";"TARUF02";"Turdus_flavipes";"Mata_Atlantica";1;79;29;0,0126582278481013;"M"
"817";"TARUF02";"Turdus_leucomelas";"Mata_Atlantica";1;79;29;0,0126582278481013;"R"
"818";"THACAE01";"Hylophylax_naevius";"Amazonia";1;13;10;0,0769230769230769;"R"
"819";"THACAE01";"Hylophylax_naevius";"Andinean_Forest";1;13;10;0,0769230769230769;"R"
"820";"THACAE01";"Leptopogon_superciliaris";"Andinean_Forest";1;13;10;0,0769230769230769;"R"
"821";"THACAE01";"Myrmeciza_goeldii";"Amazonia";1;13;10;0,0769230769230769;"R"
"822";"THACAE01";"Myrmeciza_hemimelaena";"Amazonia";1;13;10;0,0769230769230769;"R"
"823";"THACAE01";"Myrmotherula_axillaris";"Amazonia";2;13;10;0,153846153846154;"R"
"824";"THACAE01";"Phlegopsis_nigromaculata";"Amazonia";1;13;10;0,0769230769230769;"R"
"825";"THACAE01";"Thamnomanes_caesius";"Amazonia";1;13;10;0,0769230769230769;"R"
"826";"THACAE01";"Thamnomanes_caesius";"Andinean_Forest";1;13;10;0,0769230769230769;"R"
"827";"THACAE01";"Thamnophilus_aethiops";"Amazonia";1;13;10;0,0769230769230769;"R"
"828";"THACAE01";"Thamnophilus_murinus";"Amazonia";3;13;10;0,230769230769231;"R"
"829";"THACAE01";"Thamnophilus_nigrocinereus";"Amazonia";1;13;10;0,0769230769230769;"R"
"830";"THACAE01";"Trogon_personatus";"Andinean_Forest";1;13;10;0,0769230769230769;"R"
"831";"THACAE01";"Willisornis_poecilinotus";"Amazonia";1;13;10;0,0769230769230769;"R"
"832";"THAMAE01";"Dichrozona_cincta";"Amazonia";3;26;15;0,115384615384615;"R"
"833";"THAMAE01";"Gymnopithys_salvini";"Amazonia";2;26;15;0,0769230769230769;"R"
"834";"THAMAE01";"Hypocnemis_striata";"Amazonia";2;26;15;0,0769230769230769;"R"
"835";"THAMAE01";"Myrmoborus_myotherinus";"Amazonia";2;26;15;0,0769230769230769;"R"
"836";"THAMAE01";"Myrmotherula_axillaris";"Amazonia";1;26;15;0,0384615384615385;"R"
"837";"THAMAE01";"Myrmotherula_hauxwelli";"Amazonia";2;26;15;0,0769230769230769;"R"
"838";"THAMAE01";"Myrmotherula_menetriesii";"Amazonia";1;26;15;0,0384615384615385;"R"
"839";"THAMAE01";"Phlegopsis_nigromaculata";"Amazonia";4;26;15;0,153846153846154;"R"
"840";"THAMAE01";"Rhegmatorhina_gymnops";"Amazonia";1;26;15;0,0384615384615385;"R"
"841";"THAMAE01";"Rhegmatorhina_hoffmannsi";"Amazonia";1;26;15;0,0384615384615385;"R"
"842";"THAMAE01";"Thamnomanes_saturninus";"Amazonia";1;26;15;0,0384615384615385;"R"
"843";"THAMAE01";"Thamnophilus_aethiops";"Amazonia";1;26;15;0,0384615384615385;"R"
"844";"THAMAE01";"Thamnophilus_aethiops";"Andinean_Forest";1;26;15;0,0384615384615385;"R"
"845";"THAMAE01";"Thamnophilus_nigrocinereus";"Amazonia";1;26;15;0,0384615384615385;"R"
"846";"THAMAE01";"Willisornis_poecilinotus";"Amazonia";3;26;15;0,115384615384615;"R"
"847";"THAMAE01";"Willisornis_poecilinotus";"Andinean_Forest";1;26;15;0,0384615384615385;"R"
"848";"THAMAE01";"Xiphorhynchus_elegans";"Amazonia";1;26;15;0,0384615384615385;"R"
"849";"THAMB02";"Thamnophilus_ambiguus";"Cerrado";16;16;1;1;"R"
"850";"THAMB02";"Thamnophilus_ambiguus";"Mata_Atlantica";7;16;1;0,4375;"R"
"851";"THASAT06";"Hypocnemis_striata";"Amazonia";1;10;8;0,1;"R"
"852";"THASAT06";"Myrmoborus_myotherinus";"Amazonia";1;10;8;0,1;"R"
"853";"THASAT06";"Phlegopsis_nigromaculata";"Amazonia";1;10;8;0,1;"R"
"854";"THASAT06";"Pipra_fasciicauda";"Amazonia";1;10;8;0,1;"R"
"855";"THASAT06";"Thamnomanes_saturninus";"Amazonia";1;10;8;0,1;"R"
"856";"THASAT06";"Thamnophilus_nigrocinereus";"Amazonia";2;10;8;0,2;"R"
"857";"THASAT06";"Thryothorus_leucotis";"Amazonia";1;10;8;0,1;"R"
"858";"THASAT06";"Turdus_fumigatus";"Amazonia";2;10;8;0,2;"R"
"859";"TROAED15";"Adelomyia_melanogenys";"Andinean_Forest";3;48;12;0,0625;"R"
"860";"TROAED15";"Coeligena_torquata";"Andinean_Forest";1;48;12;0,0208333333333333;"R"
"861";"TROAED15";"Diglossa_albilatera";"Andinean_Forest";1;48;12;0,0208333333333333;"R"
"862";"TROAED15";"Diglossa_cyanea";"Andinean_Forest";26;48;12;0,541666666666667;"R"
"863";"TROAED15";"Phaethornis_baroni";"Andinean_Forest";1;48;12;0,0208333333333333;"R"
"864";"TROAED15";"Phaethornis_guy";"Andinean_Forest";4;48;12;0,0833333333333333;"R"
"865";"TROAED15";"Phaethornis_malaris";"Andinean_Forest";1;48;12;0,0208333333333333;"R"
"866";"TROAED15";"Phaethornis_striigularis";"Andinean_Forest";2;48;12;0,0416666666666667;"R"
"867";"TROAED15";"Phaethornis_superciliosus";"Andinean_Forest";1;48;12;0,0208333333333333;"R"
"868";"TROAED15";"Phaethornis_syrmatophorus";"Andinean_Forest";4;48;12;0,0833333333333333;"R"
"869";"TROAED15";"Phaethornis_yaruqui";"Andinean_Forest";3;48;12;0,0625;"R"
"870";"TROAED15";"Troglodytes_aedon";"Andinean_Forest";1;48;12;0,0208333333333333;"M"
"871";"TROAED20";"Adelomyia_melanogenys";"Andinean_Forest";1;53;45;0,0188679245283019;"R"
"872";"TROAED20";"Amazilia_alticola";"Andinean_Forest";1;53;45;0,0188679245283019;"R"
"873";"TROAED20";"Amblycercus_holosericeus";"Andinean_Forest";1;53;45;0,0188679245283019;"R"
"874";"TROAED20";"Basileuterus_trifasciatus";"Andinean_Forest";1;53;45;0,0188679245283019;"R"
"875";"TROAED20";"Boissonneaua_matthewsii";"Andinean_Forest";1;53;45;0,0188679245283019;"R"
"876";"TROAED20";"Buarremon_torquatus";"Andinean_Forest";1;53;45;0,0188679245283019;"R"
"877";"TROAED20";"Campylorhynchus_fasciatus";"Andinean_Forest";1;53;45;0,0188679245283019;"R"
"878";"TROAED20";"Cinnycerthia_unirufa";"Andinean_Forest";1;53;45;0,0188679245283019;"R"
"879";"TROAED20";"Coeligena_coeligena";"Andinean_Forest";2;53;45;0,0377358490566038;"R"
"880";"TROAED20";"Coeligena_iris";"Andinean_Forest";1;53;45;0,0188679245283019;"R"
"881";"TROAED20";"Coeligena_torquata";"Andinean_Forest";1;53;45;0,0188679245283019;"R"
"882";"TROAED20";"Colibri_thalassinus";"Andinean_Forest";1;53;45;0,0188679245283019;"R"
"883";"TROAED20";"Cranioleuca_antisiensis";"Andinean_Forest";1;53;45;0,0188679245283019;"R"
"884";"TROAED20";"Diglossopis_caerulescens";"Andinean_Forest";1;53;45;0,0188679245283019;"R"
"885";"TROAED20";"Elaenia_albiceps";"Andinean_Forest";1;53;45;0,0188679245283019;"R"
"886";"TROAED20";"Elaenia_pallatangae";"Andinean_Forest";1;53;45;0,0188679245283019;"R"
"887";"TROAED20";"Eriocnemis_cupreoventris";"Andinean_Forest";1;53;45;0,0188679245283019;"R"
"888";"TROAED20";"Eriocnemis_derbyi";"Andinean_Forest";1;53;45;0,0188679245283019;"R"
"889";"TROAED20";"Eriocnemis_vestita";"Andinean_Forest";1;53;45;0,0188679245283019;"R"
"890";"TROAED20";"Furnarius_leucopus";"Andinean_Forest";1;53;45;0,0188679245283019;"R"
"891";"TROAED20";"Heliangelus_viola";"Andinean_Forest";1;53;45;0,0188679245283019;"R"
"892";"TROAED20";"Heliodoxa_rubinoides";"Andinean_Forest";2;53;45;0,0377358490566038;"R"
"893";"TROAED20";"Hellmayrea_gularis";"Andinean_Forest";1;53;45;0,0188679245283019;"R"
"894";"TROAED20";"Icterus_mesomelas";"Andinean_Forest";1;53;45;0,0188679245283019;"R"
"895";"TROAED20";"Lafresnaya_lafresnayi";"Andinean_Forest";1;53;45;0,0188679245283019;"R"
"896";"TROAED20";"Leiothlypis_peregrina";"Andinean_Forest";1;53;45;0,0188679245283019;"M"
"897";"TROAED20";"Lepidocolaptes_lacrymiger";"Andinean_Forest";1;53;45;0,0188679245283019;"R"
"898";"TROAED20";"Leptopogon_taczanowskii";"Andinean_Forest";1;53;45;0,0188679245283019;"R"
"899";"TROAED20";"Metallura_tyrianthina";"Andinean_Forest";2;53;45;0,0377358490566038;"M"
"900";"TROAED20";"Mionectes_striaticollis";"Andinean_Forest";2;53;45;0,0377358490566038;"R"
"901";"TROAED20";"Myadestes_ralloides";"Andinean_Forest";1;53;45;0,0188679245283019;"R"
"902";"TROAED20";"Myioborus_miniatus";"Andinean_Forest";1;53;45;0,0188679245283019;"R"
"903";"TROAED20";"Myiothlypis_coronata";"Andinean_Forest";1;53;45;0,0188679245283019;"R"
"904";"TROAED20";"Myiothlypis_fraseri";"Andinean_Forest";1;53;45;0,0188679245283019;"R"
"905";"TROAED20";"Myiothlypis_nigrocristata";"Andinean_Forest";1;53;45;0,0188679245283019;"R"
"906";"TROAED20";"Ochthoeca_rufipectoralis";"Andinean_Forest";1;53;45;0,0188679245283019;"R"
"907";"TROAED20";"Phaethornis_griseogularis";"Andinean_Forest";1;53;45;0,0188679245283019;"R"
"908";"TROAED20";"Phaethornis_guy";"Andinean_Forest";1;53;45;0,0188679245283019;"R"
"909";"TROAED20";"Pipreola_riefferii";"Andinean_Forest";1;53;45;0,0188679245283019;"R"
"910";"TROAED20";"Synallaxis_azarae";"Andinean_Forest";1;53;45;0,0188679245283019;"R"
"911";"TROAED20";"Thraupis_cyanocephala";"Andinean_Forest";1;53;45;0,0188679245283019;"R"
"912";"TROAED20";"Tiaris_obscura";"Andinean_Forest";1;53;45;0,0188679245283019;"R"
"913";"TROAED20";"Troglodytes_aedon";"Andinean_Forest";5;53;45;0,0943396226415094;"M"
"914";"TROAED20";"Turdus_nigriceps";"Andinean_Forest";1;53;45;0,0188679245283019;"R"
"915";"TROAED20";"Turdus_serranus";"Andinean_Forest";1;53;45;0,0188679245283019;"R"
"916";"TULEU01";"Thamnophilus_ambiguus";"Cerrado";1;12;4;0,0833333333333333;"R"
"917";"TULEU01";"Turdus_amaurochalinus";"Cerrado";1;12;4;0,0833333333333333;"PM"
"918";"TULEU01";"Turdus_leucomelas";"Cerrado";8;12;4;0,666666666666667;"R"
"919";"TULEU01";"Turdus_leucomelas";"Mata_Atlantica";1;12;4;0,0833333333333333;"R"
"920";"TULEU01";"Tyrannus_melancholicus";"Cerrado";2;12;4;0,166666666666667;"PM"
"921";"TUMIG03_";"Turdus_amaurochalinus";"Mata_Atlantica";9;11;3;0,818181818181818;"PM"
"922";"TUMIG03_";"Turdus_flavipes";"Mata_Atlantica";1;11;3;0,0909090909090909;"M"
"923";"TUMIG03_";"Turdus_rufiventris";"Mata_Atlantica";1;11;3;0,0909090909090909;"R"
